,id,book_id,chapter,verse,alignment_num,orig_lang_words,target_lang_words,origSpan,origWords,origWordsTxt,alignmentOrigWords,targetSpan,targetWords,targetWordsTxt,alignmentTargetWords,alignmentTxt,frequency
0,118220,luk,1,17,12,",750532,",",727471,727472,",0,"[{'id': 750532, 'book_id': 'luk', 'chapter': '1', 'verse': '17', 'word_num': 12, 'word': 'πατέρων', 'occurrence': 1, 'strong': 'G39620', 'lemma': 'πατήρ', 'morph': 'Gr,N,,,,,GMP,'}]",πατέρων,1,1,"[{'id': 727471, 'book_id': 'luk', 'chapter': '1', 'verse': '17', 'word_num': 18, 'word': 'of', 'occurrence': 2}, {'id': 727472, 'book_id': 'luk', 'chapter': '1', 'verse': '17', 'word_num': 19, 'word': 'fathers', 'occurrence': 1}]",of fathers,2,πατέρων = of fathers,0.0072992700729927005
1,118473,luk,1,32,16,",750805,",",727844,",0,"[{'id': 750805, 'book_id': 'luk', 'chapter': '1', 'verse': '32', 'word_num': 17, 'word': 'πατρὸς', 'occurrence': 1, 'strong': 'G39620', 'lemma': 'πατήρ', 'morph': 'Gr,N,,,,,GMS,'}]",πατρὸς,1,0,"[{'id': 727844, 'book_id': 'luk', 'chapter': '1', 'verse': '32', 'word_num': 26, 'word': 'father', 'occurrence': 1}]",father,1,πατρὸς = father,0.021897810218978103
2,118757,luk,1,55,3,",751115,751116,",",728254,",1,"[{'id': 751115, 'book_id': 'luk', 'chapter': '1', 'verse': '55', 'word_num': 3, 'word': 'τοὺς', 'occurrence': 1, 'strong': 'G35880', 'lemma': 'ὁ', 'morph': 'Gr,EA,,,,AMP,'}, {'id': 751116, 'book_id': 'luk', 'chapter': '1', 'verse': '55', 'word_num': 4, 'word': 'πατέρας', 'occurrence': 1, 'strong': 'G39620', 'lemma': 'πατήρ', 'morph': 'Gr,N,,,,,AMP,'}]",τοὺς πατέρας,2,0,"[{'id': 728254, 'book_id': 'luk', 'chapter': '1', 'verse': '55', 'word_num': 5, 'word': 'fathers', 'occurrence': 1}]",fathers,1,τοὺς πατέρας = fathers,0.043795620437956206
3,118824,luk,1,59,17,",751190,",",728339,",0,"[{'id': 751190, 'book_id': 'luk', 'chapter': '1', 'verse': '59', 'word_num': 18, 'word': 'πατρὸς', 'occurrence': 1, 'strong': 'G39620', 'lemma': 'πατήρ', 'morph': 'Gr,N,,,,,GMS,'}]",πατρὸς,1,0,"[{'id': 728339, 'book_id': 'luk', 'chapter': '1', 'verse': '59', 'word_num': 23, 'word': 'father', 'occurrence': 1}]",father,1,πατρὸς = father,0.021897810218978103
4,118852,luk,1,62,3,",751222,",",728378,",0,"[{'id': 751222, 'book_id': 'luk', 'chapter': '1', 'verse': '62', 'word_num': 3, 'word': 'πατρὶ', 'occurrence': 1, 'strong': 'G39620', 'lemma': 'πατήρ', 'morph': 'Gr,N,,,,,DMS,'}]",πατρὶ,1,0,"[{'id': 728378, 'book_id': 'luk', 'chapter': '1', 'verse': '62', 'word_num': 6, 'word': 'father', 'occurrence': 1}]",father,1,πατρὶ = father,0.029197080291970802
5,118924,luk,1,67,2,",751302,751303,",",728476,",1,"[{'id': 751302, 'book_id': 'luk', 'chapter': '1', 'verse': '67', 'word_num': 2, 'word': 'ὁ', 'occurrence': 1, 'strong': 'G35880', 'lemma': 'ὁ', 'morph': 'Gr,EA,,,,NMS,'}, {'id': 751303, 'book_id': 'luk', 'chapter': '1', 'verse': '67', 'word_num': 3, 'word': 'πατὴρ', 'occurrence': 1, 'strong': 'G39620', 'lemma': 'πατήρ', 'morph': 'Gr,N,,,,,NMS,'}]",ὁ πατὴρ,2,0,"[{'id': 728476, 'book_id': 'luk', 'chapter': '1', 'verse': '67', 'word_num': 2, 'word': 'father', 'occurrence': 1}]",father,1,ὁ πατὴρ = father,0.0364963503649635
6,118980,luk,1,72,3,",751359,751360,",",728556,",1,"[{'id': 751359, 'book_id': 'luk', 'chapter': '1', 'verse': '72', 'word_num': 3, 'word': 'τῶν', 'occurrence': 1, 'strong': 'G35880', 'lemma': 'ὁ', 'morph': 'Gr,EA,,,,GMP,'}, {'id': 751360, 'book_id': 'luk', 'chapter': '1', 'verse': '72', 'word_num': 4, 'word': 'πατέρων', 'occurrence': 1, 'strong': 'G39620', 'lemma': 'πατήρ', 'morph': 'Gr,N,,,,,GMP,'}]",τῶν πατέρων,2,0,"[{'id': 728556, 'book_id': 'luk', 'chapter': '1', 'verse': '72', 'word_num': 5, 'word': 'fathers', 'occurrence': 1}]",fathers,1,τῶν πατέρων = fathers,0.0072992700729927005
7,118992,luk,1,73,5,",751372,751373,",",728571,",1,"[{'id': 751372, 'book_id': 'luk', 'chapter': '1', 'verse': '73', 'word_num': 5, 'word': 'τὸν', 'occurrence': 1, 'strong': 'G35880', 'lemma': 'ὁ', 'morph': 'Gr,EA,,,,AMS,'}, {'id': 751373, 'book_id': 'luk', 'chapter': '1', 'verse': '73', 'word_num': 6, 'word': 'πατέρα', 'occurrence': 1, 'strong': 'G39620', 'lemma': 'πατήρ', 'morph': 'Gr,N,,,,,AMS,'}]",τὸν πατέρα,2,0,"[{'id': 728571, 'book_id': 'luk', 'chapter': '1', 'verse': '73', 'word_num': 8, 'word': 'father', 'occurrence': 1}]",father,1,τὸν πατέρα = father,0.051094890510948905
8,119547,luk,2,33,2,",751976,751977,",",729382,",1,"[{'id': 751976, 'book_id': 'luk', 'chapter': '2', 'verse': '33', 'word_num': 2, 'word': 'ὁ', 'occurrence': 1, 'strong': 'G35880', 'lemma': 'ὁ', 'morph': 'Gr,EA,,,,NMS,'}, {'id': 751977, 'book_id': 'luk', 'chapter': '2', 'verse': '33', 'word_num': 3, 'word': 'πατὴρ', 'occurrence': 1, 'strong': 'G39620', 'lemma': 'πατήρ', 'morph': 'Gr,N,,,,,NMS,'}]",ὁ πατὴρ,2,0,"[{'id': 729382, 'book_id': 'luk', 'chapter': '2', 'verse': '33', 'word_num': 2, 'word': 'father', 'occurrence': 1}]",father,1,ὁ πατὴρ = father,0.0364963503649635
9,119797,luk,2,48,16,",752242,752243,",",729730,",1,"[{'id': 752242, 'book_id': 'luk', 'chapter': '2', 'verse': '48', 'word_num': 17, 'word': 'ὁ', 'occurrence': 1, 'strong': 'G35880', 'lemma': 'ὁ', 'morph': 'Gr,EA,,,,NMS,'}, {'id': 752243, 'book_id': 'luk', 'chapter': '2', 'verse': '48', 'word_num': 18, 'word': 'πατήρ', 'occurrence': 1, 'strong': 'G39620', 'lemma': 'πατήρ', 'morph': 'Gr,N,,,,,NMS,'}]",ὁ πατήρ,2,0,"[{'id': 729730, 'book_id': 'luk', 'chapter': '2', 'verse': '48', 'word_num': 23, 'word': 'father', 'occurrence': 1}]",father,1,ὁ πατήρ = father,0.014598540145985401
10,119816,luk,2,49,13,",752262,752263,",",729763,729764,",1,"[{'id': 752262, 'book_id': 'luk', 'chapter': '2', 'verse': '49', 'word_num': 13, 'word': 'τοῦ', 'occurrence': 1, 'strong': 'G35880', 'lemma': 'ὁ', 'morph': 'Gr,EA,,,,GMS,'}, {'id': 752263, 'book_id': 'luk', 'chapter': '2', 'verse': '49', 'word_num': 14, 'word': 'πατρός', 'occurrence': 1, 'strong': 'G39620', 'lemma': 'πατήρ', 'morph': 'Gr,N,,,,,GMS,'}]",τοῦ πατρός,2,1,"[{'id': 729763, 'book_id': 'luk', 'chapter': '2', 'verse': '49', 'word_num': 24, 'word': 'Father', 'occurrence': 1}, {'id': 729764, 'book_id': 'luk', 'chapter': '2', 'verse': '49', 'word_num': 25, 'word': 's', 'occurrence': 1}]",Father s,2,τοῦ πατρός = Father s,0.0072992700729927005
11,120005,luk,3,8,12,",752458,",",730020,730021,730022,",0,"[{'id': 752458, 'book_id': 'luk', 'chapter': '3', 'verse': '8', 'word_num': 12, 'word': 'πατέρα', 'occurrence': 1, 'strong': 'G39620', 'lemma': 'πατήρ', 'morph': 'Gr,N,,,,,AMS,'}]",πατέρα,1,2,"[{'id': 730020, 'book_id': 'luk', 'chapter': '3', 'verse': '8', 'word_num': 19, 'word': 'as', 'occurrence': 1}, {'id': 730021, 'book_id': 'luk', 'chapter': '3', 'verse': '8', 'word_num': 20, 'word': 'our', 'occurrence': 1}, {'id': 730022, 'book_id': 'luk', 'chapter': '3', 'verse': '8', 'word_num': 21, 'word': 'father', 'occurrence': 1}]",as our father,3,πατέρα = as our father,0.0072992700729927005
12,122256,luk,6,23,20,",754845,754846,",",733103,",1,"[{'id': 754845, 'book_id': 'luk', 'chapter': '6', 'verse': '23', 'word_num': 23, 'word': 'οἱ', 'occurrence': 1, 'strong': 'G35880', 'lemma': 'ὁ', 'morph': 'Gr,EA,,,,NMP,'}, {'id': 754846, 'book_id': 'luk', 'chapter': '6', 'verse': '23', 'word_num': 24, 'word': 'πατέρες', 'occurrence': 1, 'strong': 'G39620', 'lemma': 'πατήρ', 'morph': 'Gr,N,,,,,NMP,'}]",οἱ πατέρες,2,0,"[{'id': 733103, 'book_id': 'luk', 'chapter': '6', 'verse': '23', 'word_num': 18, 'word': 'fathers', 'occurrence': 1}]",fathers,1,οἱ πατέρες = fathers,0.072992700729927
13,122296,luk,6,26,14,",754888,754889,",",733161,",1,"[{'id': 754888, 'book_id': 'luk', 'chapter': '6', 'verse': '26', 'word_num': 15, 'word': 'οἱ', 'occurrence': 2, 'strong': 'G35880', 'lemma': 'ὁ', 'morph': 'Gr,EA,,,,NMP,'}, {'id': 754889, 'book_id': 'luk', 'chapter': '6', 'verse': '26', 'word_num': 16, 'word': 'πατέρες', 'occurrence': 1, 'strong': 'G39620', 'lemma': 'πατήρ', 'morph': 'Gr,N,,,,,NMP,'}]",οἱ πατέρες,2,0,"[{'id': 733161, 'book_id': 'luk', 'chapter': '6', 'verse': '26', 'word_num': 12, 'word': 'ancestors', 'occurrence': 1}]",ancestors,1,οἱ πατέρες = ancestors,0.0072992700729927005
14,122448,luk,6,36,3,",755046,755047,",",733388,",1,"[{'id': 755046, 'book_id': 'luk', 'chapter': '6', 'verse': '36', 'word_num': 3, 'word': 'ὁ', 'occurrence': 1, 'strong': 'G35880', 'lemma': 'ὁ', 'morph': 'Gr,EA,,,,NMS,'}, {'id': 755047, 'book_id': 'luk', 'chapter': '6', 'verse': '36', 'word_num': 4, 'word': 'Πατὴρ', 'occurrence': 1, 'strong': 'G39620', 'lemma': 'πατήρ', 'morph': 'Gr,N,,,,,NMS,'}]",ὁ Πατὴρ,2,0,"[{'id': 733388, 'book_id': 'luk', 'chapter': '6', 'verse': '36', 'word_num': 5, 'word': 'Father', 'occurrence': 1}]",Father,1,ὁ Πατὴρ = Father,0.021897810218978103
15,124551,luk,8,51,19,",757253,",",736419,",0,"[{'id': 757253, 'book_id': 'luk', 'chapter': '8', 'verse': '51', 'word_num': 20, 'word': 'πατέρα', 'occurrence': 1, 'strong': 'G39620', 'lemma': 'πατήρ', 'morph': 'Gr,N,,,,,AMS,'}]",πατέρα,1,0,"[{'id': 736419, 'book_id': 'luk', 'chapter': '8', 'verse': '51', 'word_num': 24, 'word': 'father', 'occurrence': 1}]",father,1,πατέρα = father,0.043795620437956206
16,125073,luk,9,26,20,",757798,",",737139,737141,",0,"[{'id': 757798, 'book_id': 'luk', 'chapter': '9', 'verse': '26', 'word_num': 23, 'word': 'Πατρὸς', 'occurrence': 1, 'strong': 'G39620', 'lemma': 'πατήρ', 'morph': 'Gr,N,,,,,GMS,'}]",Πατρὸς,1,2,"[{'id': 737139, 'book_id': 'luk', 'chapter': '9', 'verse': '26', 'word_num': 29, 'word': 'of', 'occurrence': 4}, {'id': 737141, 'book_id': 'luk', 'chapter': '9', 'verse': '26', 'word_num': 31, 'word': 'Father', 'occurrence': 1}]",of Father,2,Πατρὸς = of Father,0.014598540145985401
17,125367,luk,9,42,24,",758115,",",737545,",0,"[{'id': 758115, 'book_id': 'luk', 'chapter': '9', 'verse': '42', 'word_num': 26, 'word': 'πατρὶ', 'occurrence': 1, 'strong': 'G39620', 'lemma': 'πατήρ', 'morph': 'Gr,N,,,,,DMS,'}]",πατρὶ,1,0,"[{'id': 737545, 'book_id': 'luk', 'chapter': '9', 'verse': '42', 'word_num': 31, 'word': 'father', 'occurrence': 1}]",father,1,πατρὶ = father,0.029197080291970802
18,125616,luk,9,59,15,",758407,758408,",",737906,",1,"[{'id': 758407, 'book_id': 'luk', 'chapter': '9', 'verse': '59', 'word_num': 15, 'word': 'τὸν', 'occurrence': 1, 'strong': 'G35880', 'lemma': 'ὁ', 'morph': 'Gr,EA,,,,AMS,'}, {'id': 758408, 'book_id': 'luk', 'chapter': '9', 'verse': '59', 'word_num': 16, 'word': 'πατέρα', 'occurrence': 1, 'strong': 'G39620', 'lemma': 'πατήρ', 'morph': 'Gr,N,,,,,AMS,'}]",τὸν πατέρα,2,0,"[{'id': 737906, 'book_id': 'luk', 'chapter': '9', 'verse': '59', 'word_num': 19, 'word': 'father', 'occurrence': 1}]",father,1,τὸν πατέρα = father,0.051094890510948905
19,125986,luk,10,21,11,",758835,",",738431,",0,"[{'id': 758835, 'book_id': 'luk', 'chapter': '10', 'verse': '21', 'word_num': 13, 'word': 'Πάτερ', 'occurrence': 1, 'strong': 'G39620', 'lemma': 'πατήρ', 'morph': 'Gr,N,,,,,VMS,'}]",Πάτερ,1,0,"[{'id': 738431, 'book_id': 'luk', 'chapter': '10', 'verse': '21', 'word_num': 15, 'word': 'Father', 'occurrence': 1}]",Father,1,Πάτερ = Father,0.06569343065693431
20,126002,luk,10,21,29,",758854,758855,",",738454,",1,"[{'id': 758854, 'book_id': 'luk', 'chapter': '10', 'verse': '21', 'word_num': 32, 'word': 'ὁ', 'occurrence': 1, 'strong': 'G35880', 'lemma': 'ὁ', 'morph': 'Gr,EA,,,,VMS,'}, {'id': 758855, 'book_id': 'luk', 'chapter': '10', 'verse': '21', 'word_num': 33, 'word': 'Πατήρ', 'occurrence': 1, 'strong': 'G39620', 'lemma': 'πατήρ', 'morph': 'Gr,N,,,,,VMS,'}]",ὁ Πατήρ,2,0,"[{'id': 738454, 'book_id': 'luk', 'chapter': '10', 'verse': '21', 'word_num': 38, 'word': 'Father', 'occurrence': 2}]",Father,1,ὁ Πατήρ = Father,0.021897810218978103
21,126011,luk,10,22,4,",758866,758867,",",738473,",1,"[{'id': 758866, 'book_id': 'luk', 'chapter': '10', 'verse': '22', 'word_num': 4, 'word': 'τοῦ', 'occurrence': 1, 'strong': 'G35880', 'lemma': 'ὁ', 'morph': 'Gr,EA,,,,GMS,'}, {'id': 758867, 'book_id': 'luk', 'chapter': '10', 'verse': '22', 'word_num': 5, 'word': 'Πατρός', 'occurrence': 1, 'strong': 'G39620', 'lemma': 'πατήρ', 'morph': 'Gr,N,,,,,GMS,'}]",τοῦ Πατρός,2,0,"[{'id': 738473, 'book_id': 'luk', 'chapter': '10', 'verse': '22', 'word_num': 9, 'word': 'Father', 'occurrence': 1}]",Father,1,τοῦ Πατρός = Father,0.0072992700729927005
22,126022,luk,10,22,15,",758879,",",738484,",0,"[{'id': 758879, 'book_id': 'luk', 'chapter': '10', 'verse': '22', 'word_num': 17, 'word': 'Πατήρ', 'occurrence': 1, 'strong': 'G39620', 'lemma': 'πατήρ', 'morph': 'Gr,N,,,,,NMS,'}]",Πατήρ,1,0,"[{'id': 738484, 'book_id': 'luk', 'chapter': '10', 'verse': '22', 'word_num': 20, 'word': 'Father', 'occurrence': 2}]",Father,1,Πατήρ = Father,0.0072992700729927005
23,126027,luk,10,22,20,",758884,",",738488,",0,"[{'id': 758884, 'book_id': 'luk', 'chapter': '10', 'verse': '22', 'word_num': 22, 'word': 'Πατὴρ', 'occurrence': 1, 'strong': 'G39620', 'lemma': 'πατήρ', 'morph': 'Gr,N,,,,,NMS,'}]",Πατὴρ,1,0,"[{'id': 738488, 'book_id': 'luk', 'chapter': '10', 'verse': '22', 'word_num': 24, 'word': 'Father', 'occurrence': 3}]",Father,1,Πατὴρ = Father,0.058394160583941604
24,126378,luk,11,2,6,",759287,",",739016,",0,"[{'id': 759287, 'book_id': 'luk', 'chapter': '11', 'verse': '2', 'word_num': 6, 'word': 'Πάτερ', 'occurrence': 1, 'strong': 'G39620', 'lemma': 'πατήρ', 'morph': 'Gr,N,,,,,VMS,'}]",Πάτερ,1,0,"[{'id': 739016, 'book_id': 'luk', 'chapter': '11', 'verse': '2', 'word_num': 9, 'word': 'Father', 'occurrence': 1}]",Father,1,Πάτερ = Father,0.06569343065693431
25,126515,luk,11,11,4,",759442,759443,",",739237,",1,"[{'id': 759442, 'book_id': 'luk', 'chapter': '11', 'verse': '11', 'word_num': 4, 'word': 'τὸν', 'occurrence': 1, 'strong': 'G35880', 'lemma': 'ὁ', 'morph': 'Gr,EA,,,,AMS,'}, {'id': 759443, 'book_id': 'luk', 'chapter': '11', 'verse': '11', 'word_num': 5, 'word': 'πατέρα', 'occurrence': 1, 'strong': 'G39620', 'lemma': 'πατήρ', 'morph': 'Gr,N,,,,,AMS,'}]",τὸν πατέρα,2,0,"[{'id': 739237, 'book_id': 'luk', 'chapter': '11', 'verse': '11', 'word_num': 2, 'word': 'father', 'occurrence': 1}]",father,1,τὸν πατέρα = father,0.051094890510948905
26,126545,luk,11,13,15,",759476,",",739293,",0,"[{'id': 759476, 'book_id': 'luk', 'chapter': '11', 'verse': '13', 'word_num': 15, 'word': 'Πατὴρ', 'occurrence': 1, 'strong': 'G39620', 'lemma': 'πατήρ', 'morph': 'Gr,N,,,,,NMS,'}]",Πατὴρ,1,0,"[{'id': 739293, 'book_id': 'luk', 'chapter': '11', 'verse': '13', 'word_num': 20, 'word': 'Father', 'occurrence': 1}]",Father,1,Πατὴρ = Father,0.058394160583941604
27,127100,luk,11,47,8,",760106,760108,",",740138,",2,"[{'id': 760106, 'book_id': 'luk', 'chapter': '11', 'verse': '47', 'word_num': 8, 'word': 'οἱ', 'occurrence': 1, 'strong': 'G35880', 'lemma': 'ὁ', 'morph': 'Gr,EA,,,,NMP,'}, {'id': 760108, 'book_id': 'luk', 'chapter': '11', 'verse': '47', 'word_num': 10, 'word': 'πατέρες', 'occurrence': 1, 'strong': 'G39620', 'lemma': 'πατήρ', 'morph': 'Gr,N,,,,,NMP,'}]",οἱ πατέρες,2,0,"[{'id': 740138, 'book_id': 'luk', 'chapter': '11', 'verse': '47', 'word_num': 13, 'word': 'fathers', 'occurrence': 1}]",fathers,1,οἱ πατέρες = fathers,0.072992700729927
28,127112,luk,11,48,7,",760119,",",740153,",0,"[{'id': 760119, 'book_id': 'luk', 'chapter': '11', 'verse': '48', 'word_num': 7, 'word': 'πατέρων', 'occurrence': 1, 'strong': 'G39620', 'lemma': 'πατήρ', 'morph': 'Gr,N,,,,,GMP,'}]",πατέρων,1,0,"[{'id': 740153, 'book_id': 'luk', 'chapter': '11', 'verse': '48', 'word_num': 12, 'word': 'fathers', 'occurrence': 1}]",fathers,1,πατέρων = fathers,0.051094890510948905
29,127679,luk,12,30,10,",760751,760752,",",741001,",1,"[{'id': 760751, 'book_id': 'luk', 'chapter': '12', 'verse': '30', 'word_num': 10, 'word': 'ὁ', 'occurrence': 1, 'strong': 'G35880', 'lemma': 'ὁ', 'morph': 'Gr,EA,,,,NMS,'}, {'id': 760752, 'book_id': 'luk', 'chapter': '12', 'verse': '30', 'word_num': 11, 'word': 'Πατὴρ', 'occurrence': 1, 'strong': 'G39620', 'lemma': 'πατήρ', 'morph': 'Gr,N,,,,,NMS,'}]",ὁ Πατὴρ,2,0,"[{'id': 741001, 'book_id': 'luk', 'chapter': '12', 'verse': '30', 'word_num': 12, 'word': 'Father', 'occurrence': 1}]",Father,1,ὁ Πατὴρ = Father,0.021897810218978103
30,127698,luk,12,32,6,",760773,760774,",",741026,",1,"[{'id': 760773, 'book_id': 'luk', 'chapter': '12', 'verse': '32', 'word_num': 7, 'word': 'ὁ', 'occurrence': 1, 'strong': 'G35880', 'lemma': 'ὁ', 'morph': 'Gr,EA,,,,NMS,'}, {'id': 760774, 'book_id': 'luk', 'chapter': '12', 'verse': '32', 'word_num': 8, 'word': 'Πατὴρ', 'occurrence': 1, 'strong': 'G39620', 'lemma': 'πατήρ', 'morph': 'Gr,N,,,,,NMS,'}]",ὁ Πατὴρ,2,0,"[{'id': 741026, 'book_id': 'luk', 'chapter': '12', 'verse': '32', 'word_num': 7, 'word': 'Father', 'occurrence': 1}]",Father,1,ὁ Πατὴρ = Father,0.021897810218978103
31,128009,luk,12,53,1,",761140,",",741535,",0,"[{'id': 761140, 'book_id': 'luk', 'chapter': '12', 'verse': '53', 'word_num': 1, 'word': 'πατὴρ', 'occurrence': 1, 'strong': 'G39620', 'lemma': 'πατήρ', 'morph': 'Gr,N,,,,,NMS,'}]",πατὴρ,1,0,"[{'id': 741535, 'book_id': 'luk', 'chapter': '12', 'verse': '53', 'word_num': 4, 'word': 'father', 'occurrence': 1}]",father,1,πατὴρ = father,0.014598540145985401
32,128015,luk,12,53,7,",761146,",",741541,",0,"[{'id': 761146, 'book_id': 'luk', 'chapter': '12', 'verse': '53', 'word_num': 7, 'word': 'πατρί', 'occurrence': 1, 'strong': 'G39620', 'lemma': 'πατήρ', 'morph': 'Gr,N,,,,,DMS,'}]",πατρί,1,0,"[{'id': 741541, 'book_id': 'luk', 'chapter': '12', 'verse': '53', 'word_num': 10, 'word': 'father', 'occurrence': 2}]",father,1,πατρί = father,0.0072992700729927005
33,129083,luk,14,26,9,",762368,",",743220,",0,"[{'id': 762368, 'book_id': 'luk', 'chapter': '14', 'verse': '26', 'word_num': 9, 'word': 'πατέρα', 'occurrence': 1, 'strong': 'G39620', 'lemma': 'πατήρ', 'morph': 'Gr,N,,,,,AMS,'}]",πατέρα,1,0,"[{'id': 743220, 'book_id': 'luk', 'chapter': '14', 'verse': '26', 'word_num': 11, 'word': 'father', 'occurrence': 1}]",father,1,πατέρα = father,0.043795620437956206
34,129401,luk,15,12,6,",762724,",",743679,743681,",0,"[{'id': 762724, 'book_id': 'luk', 'chapter': '15', 'verse': '12', 'word_num': 6, 'word': 'πατρί', 'occurrence': 1, 'strong': 'G39620', 'lemma': 'πατήρ', 'morph': 'Gr,N,,,,,DMS,'}]",πατρί,1,2,"[{'id': 743679, 'book_id': 'luk', 'chapter': '15', 'verse': '12', 'word_num': 6, 'word': 'to', 'occurrence': 1}, {'id': 743681, 'book_id': 'luk', 'chapter': '15', 'verse': '12', 'word_num': 8, 'word': 'father', 'occurrence': 1}]",to father,2,πατρί = to father,0.0072992700729927005
35,129402,luk,15,12,7,",762725,",",743682,",0,"[{'id': 762725, 'book_id': 'luk', 'chapter': '15', 'verse': '12', 'word_num': 7, 'word': 'Πάτερ', 'occurrence': 1, 'strong': 'G39620', 'lemma': 'πατήρ', 'morph': 'Gr,N,,,,,VMS,'}]",Πάτερ,1,0,"[{'id': 743682, 'book_id': 'luk', 'chapter': '15', 'verse': '12', 'word_num': 9, 'word': 'Father', 'occurrence': 1}]",Father,1,Πάτερ = Father,0.06569343065693431
36,129489,luk,15,17,8,",762815,",",743809,",0,"[{'id': 762815, 'book_id': 'luk', 'chapter': '15', 'verse': '17', 'word_num': 8, 'word': 'πατρός', 'occurrence': 1, 'strong': 'G39620', 'lemma': 'πατήρ', 'morph': 'Gr,N,,,,,GMS,'}]",πατρός,1,0,"[{'id': 743809, 'book_id': 'luk', 'chapter': '15', 'verse': '17', 'word_num': 15, 'word': 'father', 'occurrence': 1}]",father,1,πατρός = father,0.021897810218978103
37,129501,luk,15,18,3,",762827,762828,",",743830,",1,"[{'id': 762827, 'book_id': 'luk', 'chapter': '15', 'verse': '18', 'word_num': 3, 'word': 'τὸν', 'occurrence': 1, 'strong': 'G35880', 'lemma': 'ὁ', 'morph': 'Gr,EA,,,,AMS,'}, {'id': 762828, 'book_id': 'luk', 'chapter': '15', 'verse': '18', 'word_num': 4, 'word': 'πατέρα', 'occurrence': 1, 'strong': 'G39620', 'lemma': 'πατήρ', 'morph': 'Gr,N,,,,,AMS,'}]",τὸν πατέρα,2,0,"[{'id': 743830, 'book_id': 'luk', 'chapter': '15', 'verse': '18', 'word_num': 8, 'word': 'father', 'occurrence': 1}]",father,1,τὸν πατέρα = father,0.051094890510948905
38,129506,luk,15,18,8,",762833,",",743836,",0,"[{'id': 762833, 'book_id': 'luk', 'chapter': '15', 'verse': '18', 'word_num': 9, 'word': 'Πάτερ', 'occurrence': 1, 'strong': 'G39620', 'lemma': 'πατήρ', 'morph': 'Gr,N,,,,,VMS,'}]",Πάτερ,1,0,"[{'id': 743836, 'book_id': 'luk', 'chapter': '15', 'verse': '18', 'word_num': 14, 'word': 'Father', 'occurrence': 1}]",Father,1,Πάτερ = Father,0.06569343065693431
39,129529,luk,15,20,5,",762859,",",743872,",0,"[{'id': 762859, 'book_id': 'luk', 'chapter': '15', 'verse': '20', 'word_num': 5, 'word': 'πατέρα', 'occurrence': 1, 'strong': 'G39620', 'lemma': 'πατήρ', 'morph': 'Gr,N,,,,,AMS,'}]",πατέρα,1,0,"[{'id': 743872, 'book_id': 'luk', 'chapter': '15', 'verse': '20', 'word_num': 9, 'word': 'father', 'occurrence': 1}]",father,1,πατέρα = father,0.043795620437956206
40,129538,luk,15,20,14,",762868,762869,",",743881,",1,"[{'id': 762868, 'book_id': 'luk', 'chapter': '15', 'verse': '20', 'word_num': 14, 'word': 'ὁ', 'occurrence': 1, 'strong': 'G35880', 'lemma': 'ὁ', 'morph': 'Gr,EA,,,,NMS,'}, {'id': 762869, 'book_id': 'luk', 'chapter': '15', 'verse': '20', 'word_num': 15, 'word': 'πατὴρ', 'occurrence': 1, 'strong': 'G39620', 'lemma': 'πατήρ', 'morph': 'Gr,N,,,,,NMS,'}]",ὁ πατὴρ,2,0,"[{'id': 743881, 'book_id': 'luk', 'chapter': '15', 'verse': '20', 'word_num': 18, 'word': 'father', 'occurrence': 2}]",father,1,ὁ πατὴρ = father,0.0364963503649635
41,129556,luk,15,21,5,",762888,",",743905,",0,"[{'id': 762888, 'book_id': 'luk', 'chapter': '15', 'verse': '21', 'word_num': 5, 'word': 'Πάτερ', 'occurrence': 1, 'strong': 'G39620', 'lemma': 'πατήρ', 'morph': 'Gr,N,,,,,VMS,'}]",Πάτερ,1,0,"[{'id': 743905, 'book_id': 'luk', 'chapter': '15', 'verse': '21', 'word_num': 6, 'word': 'Father', 'occurrence': 1}]",Father,1,Πάτερ = Father,0.06569343065693431
42,129571,luk,15,22,3,",762905,",",743927,",0,"[{'id': 762905, 'book_id': 'luk', 'chapter': '15', 'verse': '22', 'word_num': 3, 'word': 'πατὴρ', 'occurrence': 1, 'strong': 'G39620', 'lemma': 'πατήρ', 'morph': 'Gr,N,,,,,NMS,'}]",πατὴρ,1,0,"[{'id': 743927, 'book_id': 'luk', 'chapter': '15', 'verse': '22', 'word_num': 2, 'word': 'father', 'occurrence': 1}]",father,1,πατὴρ = father,0.014598540145985401
43,129653,luk,15,27,9,",762996,762997,",",744037,",1,"[{'id': 762996, 'book_id': 'luk', 'chapter': '15', 'verse': '27', 'word_num': 11, 'word': 'ὁ', 'occurrence': 3, 'strong': 'G35880', 'lemma': 'ὁ', 'morph': 'Gr,EA,,,,NMS,'}, {'id': 762997, 'book_id': 'luk', 'chapter': '15', 'verse': '27', 'word_num': 12, 'word': 'πατήρ', 'occurrence': 1, 'strong': 'G39620', 'lemma': 'πατήρ', 'morph': 'Gr,N,,,,,NMS,'}]",ὁ πατήρ,2,0,"[{'id': 744037, 'book_id': 'luk', 'chapter': '15', 'verse': '27', 'word_num': 11, 'word': 'father', 'occurrence': 1}]",father,1,ὁ πατήρ = father,0.014598540145985401
44,129668,luk,15,28,6,",763013,763015,",",744064,",2,"[{'id': 763013, 'book_id': 'luk', 'chapter': '15', 'verse': '28', 'word_num': 6, 'word': 'ὁ', 'occurrence': 1, 'strong': 'G35880', 'lemma': 'ὁ', 'morph': 'Gr,EA,,,,NMS,'}, {'id': 763015, 'book_id': 'luk', 'chapter': '15', 'verse': '28', 'word_num': 8, 'word': 'πατὴρ', 'occurrence': 1, 'strong': 'G39620', 'lemma': 'πατήρ', 'morph': 'Gr,N,,,,,NMS,'}]",ὁ πατὴρ,2,0,"[{'id': 744064, 'book_id': 'luk', 'chapter': '15', 'verse': '28', 'word_num': 12, 'word': 'father', 'occurrence': 1}]",father,1,ὁ πατὴρ = father,0.0364963503649635
45,129679,luk,15,29,5,",763025,",",744077,",0,"[{'id': 763025, 'book_id': 'luk', 'chapter': '15', 'verse': '29', 'word_num': 5, 'word': 'πατρὶ', 'occurrence': 1, 'strong': 'G39620', 'lemma': 'πατήρ', 'morph': 'Gr,N,,,,,DMS,'}]",πατρὶ,1,0,"[{'id': 744077, 'book_id': 'luk', 'chapter': '15', 'verse': '29', 'word_num': 7, 'word': 'father', 'occurrence': 1}]",father,1,πατρὶ = father,0.029197080291970802
46,130171,luk,16,24,4,",763544,",",744781,",0,"[{'id': 763544, 'book_id': 'luk', 'chapter': '16', 'verse': '24', 'word_num': 4, 'word': 'Πάτερ', 'occurrence': 1, 'strong': 'G39620', 'lemma': 'πατήρ', 'morph': 'Gr,N,,,,,VMS,'}]",Πάτερ,1,0,"[{'id': 744781, 'book_id': 'luk', 'chapter': '16', 'verse': '24', 'word_num': 6, 'word': 'Father', 'occurrence': 1}]",Father,1,Πάτερ = Father,0.06569343065693431
47,130248,luk,16,27,5,",763626,",",744893,",0,"[{'id': 763626, 'book_id': 'luk', 'chapter': '16', 'verse': '27', 'word_num': 5, 'word': 'Πάτερ', 'occurrence': 1, 'strong': 'G39620', 'lemma': 'πατήρ', 'morph': 'Gr,N,,,,,VMS,'}]",Πάτερ,1,0,"[{'id': 744893, 'book_id': 'luk', 'chapter': '16', 'verse': '27', 'word_num': 7, 'word': 'father', 'occurrence': 1}]",father,1,Πάτερ = father,0.0072992700729927005
48,130256,luk,16,27,13,",763634,",",744904,",0,"[{'id': 763634, 'book_id': 'luk', 'chapter': '16', 'verse': '27', 'word_num': 13, 'word': 'πατρός', 'occurrence': 1, 'strong': 'G39620', 'lemma': 'πατήρ', 'morph': 'Gr,N,,,,,GMS,'}]",πατρός,1,0,"[{'id': 744904, 'book_id': 'luk', 'chapter': '16', 'verse': '27', 'word_num': 18, 'word': 'father', 'occurrence': 2}]",father,1,πατρός = father,0.021897810218978103
49,130289,luk,16,30,4,",763668,",",744947,",0,"[{'id': 763668, 'book_id': 'luk', 'chapter': '16', 'verse': '30', 'word_num': 4, 'word': 'Πάτερ', 'occurrence': 1, 'strong': 'G39620', 'lemma': 'πατήρ', 'morph': 'Gr,N,,,,,VMS,'}]",Πάτερ,1,0,"[{'id': 744947, 'book_id': 'luk', 'chapter': '16', 'verse': '30', 'word_num': 4, 'word': 'Father', 'occurrence': 1}]",Father,1,Πάτερ = Father,0.06569343065693431
50,131186,luk,18,20,12,",764622,764623,",",746256,",1,"[{'id': 764622, 'book_id': 'luk', 'chapter': '18', 'verse': '20', 'word_num': 12, 'word': 'τὸν', 'occurrence': 1, 'strong': 'G35880', 'lemma': 'ὁ', 'morph': 'Gr,EA,,,,AMS,'}, {'id': 764623, 'book_id': 'luk', 'chapter': '18', 'verse': '20', 'word_num': 13, 'word': 'πατέρα', 'occurrence': 1, 'strong': 'G39620', 'lemma': 'πατήρ', 'morph': 'Gr,N,,,,,AMS,'}]",τὸν πατέρα,2,0,"[{'id': 746256, 'book_id': 'luk', 'chapter': '18', 'verse': '20', 'word_num': 20, 'word': 'father', 'occurrence': 1}]",father,1,τὸν πατέρα = father,0.051094890510948905
51,133834,luk,22,29,6,",767400,767401,",",750126,",1,"[{'id': 767400, 'book_id': 'luk', 'chapter': '22', 'verse': '29', 'word_num': 6, 'word': 'ὁ', 'occurrence': 1, 'strong': 'G35880', 'lemma': 'ὁ', 'morph': 'Gr,EA,,,,NMS,'}, {'id': 767401, 'book_id': 'luk', 'chapter': '22', 'verse': '29', 'word_num': 7, 'word': 'Πατήρ', 'occurrence': 1, 'strong': 'G39620', 'lemma': 'πατήρ', 'morph': 'Gr,N,,,,,NMS,'}]",ὁ Πατήρ,2,0,"[{'id': 750126, 'book_id': 'luk', 'chapter': '22', 'verse': '29', 'word_num': 7, 'word': 'Father', 'occurrence': 1}]",Father,1,ὁ Πατήρ = Father,0.021897810218978103
52,134033,luk,22,42,1,",767610,",",750409,",0,"[{'id': 767610, 'book_id': 'luk', 'chapter': '22', 'verse': '42', 'word_num': 1, 'word': 'Πάτερ', 'occurrence': 1, 'strong': 'G39620', 'lemma': 'πατήρ', 'morph': 'Gr,N,,,,,VMS,'}]",Πάτερ,1,0,"[{'id': 750409, 'book_id': 'luk', 'chapter': '22', 'verse': '42', 'word_num': 1, 'word': 'Father', 'occurrence': 1}]",Father,1,Πάτερ = Father,0.06569343065693431
53,135114,luk,23,46,6,",768752,",",751885,",0,"[{'id': 768752, 'book_id': 'luk', 'chapter': '23', 'verse': '46', 'word_num': 7, 'word': 'Πάτερ', 'occurrence': 1, 'strong': 'G39620', 'lemma': 'πατήρ', 'morph': 'Gr,N,,,,,VMS,'}]",Πάτερ,1,0,"[{'id': 751885, 'book_id': 'luk', 'chapter': '23', 'verse': '46', 'word_num': 9, 'word': 'Father', 'occurrence': 1}]",Father,1,Πάτερ = Father,0.06569343065693431
54,135973,luk,24,49,6,",769663,",",753078,",0,"[{'id': 769663, 'book_id': 'luk', 'chapter': '24', 'verse': '49', 'word_num': 6, 'word': 'Πατρός', 'occurrence': 1, 'strong': 'G39620', 'lemma': 'πατήρ', 'morph': 'Gr,N,,,,,GMS,'}]",Πατρός,1,0,"[{'id': 753078, 'book_id': 'luk', 'chapter': '24', 'verse': '49', 'word_num': 10, 'word': 'Father', 'occurrence': 1}]",Father,1,Πατρός = Father,0.021897810218978103
55,136095,act,1,4,12,",769794,",",753246,753248,",0,"[{'id': 769794, 'book_id': 'act', 'chapter': '1', 'verse': '4', 'word_num': 13, 'word': 'Πατρὸς', 'occurrence': 1, 'strong': 'G39620', 'lemma': 'πατήρ', 'morph': 'Gr,N,,,,,GMS,'}]",Πατρὸς,1,2,"[{'id': 753246, 'book_id': 'act', 'chapter': '1', 'verse': '4', 'word_num': 20, 'word': 'of', 'occurrence': 1}, {'id': 753248, 'book_id': 'act', 'chapter': '1', 'verse': '4', 'word_num': 22, 'word': 'Father', 'occurrence': 1}]",of Father,2,Πατρὸς = of Father,0.014598540145985401
56,136144,act,1,7,13,",769845,",",753312,",0,"[{'id': 769845, 'book_id': 'act', 'chapter': '1', 'verse': '7', 'word_num': 13, 'word': 'Πατὴρ', 'occurrence': 1, 'strong': 'G39620', 'lemma': 'πατήρ', 'morph': 'Gr,N,,,,,NMS,'}]",Πατὴρ,1,0,"[{'id': 753312, 'book_id': 'act', 'chapter': '1', 'verse': '7', 'word_num': 19, 'word': 'Father', 'occurrence': 1}]",Father,1,Πατὴρ = Father,0.058394160583941604
57,137013,act,2,33,15,",770812,",",754533,",0,"[{'id': 770812, 'book_id': 'act', 'chapter': '2', 'verse': '33', 'word_num': 16, 'word': 'Πατρὸς', 'occurrence': 1, 'strong': 'G39620', 'lemma': 'πατήρ', 'morph': 'Gr,N,,,,,GMS,'}]",Πατρὸς,1,0,"[{'id': 754533, 'book_id': 'act', 'chapter': '2', 'verse': '33', 'word_num': 21, 'word': 'Father', 'occurrence': 1}]",Father,1,Πατρὸς = Father,0.043795620437956206
58,137474,act,3,13,12,",771306,",",755144,",0,"[{'id': 771306, 'book_id': 'act', 'chapter': '3', 'verse': '13', 'word_num': 12, 'word': 'πατέρων', 'occurrence': 1, 'strong': 'G39620', 'lemma': 'πατήρ', 'morph': 'Gr,N,,,,,GMP,'}]",πατέρων,1,0,"[{'id': 755144, 'book_id': 'act', 'chapter': '3', 'verse': '13', 'word_num': 18, 'word': 'fathers', 'occurrence': 1}]",fathers,1,πατέρων = fathers,0.051094890510948905
59,137672,act,3,25,13,",771532,771533,",",755444,",1,"[{'id': 771532, 'book_id': 'act', 'chapter': '3', 'verse': '25', 'word_num': 14, 'word': 'τοὺς', 'occurrence': 1, 'strong': 'G35880', 'lemma': 'ὁ', 'morph': 'Gr,EA,,,,AMP,'}, {'id': 771533, 'book_id': 'act', 'chapter': '3', 'verse': '25', 'word_num': 15, 'word': 'πατέρας', 'occurrence': 1, 'strong': 'G39620', 'lemma': 'πατήρ', 'morph': 'Gr,N,,,,,AMP,'}]",τοὺς πατέρας,2,0,"[{'id': 755444, 'book_id': 'act', 'chapter': '3', 'verse': '25', 'word_num': 16, 'word': 'ancestors', 'occurrence': 1}]",ancestors,1,τοὺς πατέρας = ancestors,0.0072992700729927005
60,138107,act,4,25,2,",772002,",",756048,",0,"[{'id': 772002, 'book_id': 'act', 'chapter': '4', 'verse': '25', 'word_num': 2, 'word': 'πατρὸς', 'occurrence': 1, 'strong': 'G39620', 'lemma': 'πατήρ', 'morph': 'Gr,N,,,,,GMS,'}]",πατρὸς,1,0,"[{'id': 756048, 'book_id': 'act', 'chapter': '4', 'verse': '25', 'word_num': 4, 'word': 'father', 'occurrence': 1}]",father,1,πατρὸς = father,0.021897810218978103
61,138847,act,5,30,3,",772794,",",757055,",0,"[{'id': 772794, 'book_id': 'act', 'chapter': '5', 'verse': '30', 'word_num': 3, 'word': 'πατέρων', 'occurrence': 1, 'strong': 'G39620', 'lemma': 'πατήρ', 'morph': 'Gr,N,,,,,GMP,'}]",πατέρων,1,0,"[{'id': 757055, 'book_id': 'act', 'chapter': '5', 'verse': '30', 'word_num': 4, 'word': 'fathers', 'occurrence': 1}]",fathers,1,πατέρων = fathers,0.051094890510948905
62,139334,act,7,2,6,",773318,",",757751,",0,"[{'id': 773318, 'book_id': 'act', 'chapter': '7', 'verse': '2', 'word_num': 6, 'word': 'πατέρες', 'occurrence': 1, 'strong': 'G39620', 'lemma': 'πατήρ', 'morph': 'Gr,N,,,,,VMP,'}]",πατέρες,1,0,"[{'id': 757751, 'book_id': 'act', 'chapter': '7', 'verse': '2', 'word_num': 6, 'word': 'fathers', 'occurrence': 1}]",fathers,1,πατέρες = fathers,0.029197080291970802
63,139342,act,7,2,14,",773326,",",757762,",0,"[{'id': 773326, 'book_id': 'act', 'chapter': '7', 'verse': '2', 'word_num': 14, 'word': 'πατρὶ', 'occurrence': 1, 'strong': 'G39620', 'lemma': 'πατήρ', 'morph': 'Gr,N,,,,,DMS,'}]",πατρὶ,1,0,"[{'id': 757762, 'book_id': 'act', 'chapter': '7', 'verse': '2', 'word_num': 17, 'word': 'father', 'occurrence': 1}]",father,1,πατρὶ = father,0.029197080291970802
64,139388,act,7,4,13,",773375,",",757820,",0,"[{'id': 773375, 'book_id': 'act', 'chapter': '7', 'verse': '4', 'word_num': 13, 'word': 'πατέρα', 'occurrence': 1, 'strong': 'G39620', 'lemma': 'πατήρ', 'morph': 'Gr,N,,,,,AMS,'}]",πατέρα,1,0,"[{'id': 757820, 'book_id': 'act', 'chapter': '7', 'verse': '4', 'word_num': 21, 'word': 'father', 'occurrence': 1}]",father,1,πατέρα = father,0.043795620437956206
65,139538,act,7,11,15,",773544,773545,",",758035,",1,"[{'id': 773544, 'book_id': 'act', 'chapter': '7', 'verse': '11', 'word_num': 16, 'word': 'οἱ', 'occurrence': 1, 'strong': 'G35880', 'lemma': 'ὁ', 'morph': 'Gr,EA,,,,NMP,'}, {'id': 773545, 'book_id': 'act', 'chapter': '7', 'verse': '11', 'word_num': 17, 'word': 'πατέρες', 'occurrence': 1, 'strong': 'G39620', 'lemma': 'πατήρ', 'morph': 'Gr,N,,,,,NMP,'}]",οἱ πατέρες,2,0,"[{'id': 758035, 'book_id': 'act', 'chapter': '7', 'verse': '11', 'word_num': 15, 'word': 'fathers', 'occurrence': 1}]",fathers,1,οἱ πατέρες = fathers,0.072992700729927
66,139548,act,7,12,8,",773555,773556,",",758052,",1,"[{'id': 773555, 'book_id': 'act', 'chapter': '7', 'verse': '12', 'word_num': 8, 'word': 'τοὺς', 'occurrence': 1, 'strong': 'G35880', 'lemma': 'ὁ', 'morph': 'Gr,EA,,,,AMP,'}, {'id': 773556, 'book_id': 'act', 'chapter': '7', 'verse': '12', 'word_num': 9, 'word': 'πατέρας', 'occurrence': 1, 'strong': 'G39620', 'lemma': 'πατήρ', 'morph': 'Gr,N,,,,,AMP,'}]",τοὺς πατέρας,2,0,"[{'id': 758052, 'book_id': 'act', 'chapter': '7', 'verse': '12', 'word_num': 12, 'word': 'fathers', 'occurrence': 1}]",fathers,1,τοὺς πατέρας = fathers,0.043795620437956206
67,139571,act,7,14,5,",773581,773582,",",758087,",1,"[{'id': 773581, 'book_id': 'act', 'chapter': '7', 'verse': '14', 'word_num': 5, 'word': 'τὸν', 'occurrence': 1, 'strong': 'G35880', 'lemma': 'ὁ', 'morph': 'Gr,EA,,,,AMS,'}, {'id': 773582, 'book_id': 'act', 'chapter': '7', 'verse': '14', 'word_num': 6, 'word': 'πατέρα', 'occurrence': 1, 'strong': 'G39620', 'lemma': 'πατήρ', 'morph': 'Gr,N,,,,,AMS,'}]",τὸν πατέρα,2,0,"[{'id': 758087, 'book_id': 'act', 'chapter': '7', 'verse': '14', 'word_num': 10, 'word': 'father', 'occurrence': 1}]",father,1,τὸν πατέρα = father,0.051094890510948905
68,139588,act,7,15,9,",773601,773602,",",758106,",1,"[{'id': 773601, 'book_id': 'act', 'chapter': '7', 'verse': '15', 'word_num': 9, 'word': 'οἱ', 'occurrence': 1, 'strong': 'G35880', 'lemma': 'ὁ', 'morph': 'Gr,EA,,,,NMP,'}, {'id': 773602, 'book_id': 'act', 'chapter': '7', 'verse': '15', 'word_num': 10, 'word': 'πατέρες', 'occurrence': 1, 'strong': 'G39620', 'lemma': 'πατήρ', 'morph': 'Gr,N,,,,,NMP,'}]",οἱ πατέρες,2,0,"[{'id': 758106, 'book_id': 'act', 'chapter': '7', 'verse': '15', 'word_num': 10, 'word': 'fathers', 'occurrence': 1}]",fathers,1,οἱ πατέρες = fathers,0.072992700729927
69,139641,act,7,19,6,",773663,",",758177,",0,"[{'id': 773663, 'book_id': 'act', 'chapter': '7', 'verse': '19', 'word_num': 7, 'word': 'πατέρας', 'occurrence': 1, 'strong': 'G39620', 'lemma': 'πατήρ', 'morph': 'Gr,N,,,,,AMP,'}]",πατέρας,1,0,"[{'id': 758177, 'book_id': 'act', 'chapter': '7', 'verse': '19', 'word_num': 9, 'word': 'fathers', 'occurrence': 1}]",fathers,1,πατέρας = fathers,0.014598540145985401
70,139668,act,7,20,18,",773692,",",758213,758215,",0,"[{'id': 773692, 'book_id': 'act', 'chapter': '7', 'verse': '20', 'word_num': 18, 'word': 'πατρός', 'occurrence': 1, 'strong': 'G39620', 'lemma': 'πατήρ', 'morph': 'Gr,N,,,,,GMS,'}]",πατρός,1,2,"[{'id': 758213, 'book_id': 'act', 'chapter': '7', 'verse': '20', 'word_num': 21, 'word': 'of', 'occurrence': 1}, {'id': 758215, 'book_id': 'act', 'chapter': '7', 'verse': '20', 'word_num': 23, 'word': 'father', 'occurrence': 1}]",of father,2,πατρός = of father,0.0072992700729927005
71,139834,act,7,32,4,",773869,",",758472,",0,"[{'id': 773869, 'book_id': 'act', 'chapter': '7', 'verse': '32', 'word_num': 4, 'word': 'πατέρων', 'occurrence': 1, 'strong': 'G39620', 'lemma': 'πατήρ', 'morph': 'Gr,N,,,,,GMP,'}]",πατέρων,1,0,"[{'id': 758472, 'book_id': 'act', 'chapter': '7', 'verse': '32', 'word_num': 6, 'word': 'fathers', 'occurrence': 1}]",fathers,1,πατέρων = fathers,0.051094890510948905
72,139980,act,7,38,21,",774022,",",758670,",0,"[{'id': 774022, 'book_id': 'act', 'chapter': '7', 'verse': '38', 'word_num': 22, 'word': 'πατέρων', 'occurrence': 1, 'strong': 'G39620', 'lemma': 'πατήρ', 'morph': 'Gr,N,,,,,GMP,'}]",πατέρων,1,0,"[{'id': 758670, 'book_id': 'act', 'chapter': '7', 'verse': '38', 'word_num': 28, 'word': 'fathers', 'occurrence': 1}]",fathers,1,πατέρων = fathers,0.051094890510948905
73,139993,act,7,39,5,",774035,774036,",",758680,",1,"[{'id': 774035, 'book_id': 'act', 'chapter': '7', 'verse': '39', 'word_num': 5, 'word': 'οἱ', 'occurrence': 1, 'strong': 'G35880', 'lemma': 'ὁ', 'morph': 'Gr,EA,,,,NMP,'}, {'id': 774036, 'book_id': 'act', 'chapter': '7', 'verse': '39', 'word_num': 6, 'word': 'πατέρες', 'occurrence': 1, 'strong': 'G39620', 'lemma': 'πατήρ', 'morph': 'Gr,N,,,,,NMP,'}]",οἱ πατέρες,2,0,"[{'id': 758680, 'book_id': 'act', 'chapter': '7', 'verse': '39', 'word_num': 1, 'word': 'fathers', 'occurrence': 1}]",fathers,1,οἱ πατέρες = fathers,0.072992700729927
74,140102,act,7,44,6,",774152,",",758847,",0,"[{'id': 774152, 'book_id': 'act', 'chapter': '7', 'verse': '44', 'word_num': 6, 'word': 'πατράσιν', 'occurrence': 1, 'strong': 'G39620', 'lemma': 'πατήρ', 'morph': 'Gr,N,,,,,DMP,'}]",πατράσιν,1,0,"[{'id': 758847, 'book_id': 'act', 'chapter': '7', 'verse': '44', 'word_num': 8, 'word': 'fathers', 'occurrence': 1}]",fathers,1,πατράσιν = fathers,0.0072992700729927005
75,140124,act,7,45,4,",774174,774175,",",758873,",1,"[{'id': 774174, 'book_id': 'act', 'chapter': '7', 'verse': '45', 'word_num': 4, 'word': 'οἱ', 'occurrence': 1, 'strong': 'G35880', 'lemma': 'ὁ', 'morph': 'Gr,EA,,,,NMP,'}, {'id': 774175, 'book_id': 'act', 'chapter': '7', 'verse': '45', 'word_num': 5, 'word': 'πατέρες', 'occurrence': 1, 'strong': 'G39620', 'lemma': 'πατήρ', 'morph': 'Gr,N,,,,,NMP,'}]",οἱ πατέρες,2,0,"[{'id': 758873, 'book_id': 'act', 'chapter': '7', 'verse': '45', 'word_num': 1, 'word': 'fathers', 'occurrence': 1}]",fathers,1,οἱ πατέρες = fathers,0.072992700729927
76,140137,act,7,45,17,",774191,",",758900,",0,"[{'id': 774191, 'book_id': 'act', 'chapter': '7', 'verse': '45', 'word_num': 21, 'word': 'πατέρων', 'occurrence': 1, 'strong': 'G39620', 'lemma': 'πατήρ', 'morph': 'Gr,N,,,,,GMP,'}]",πατέρων,1,0,"[{'id': 758900, 'book_id': 'act', 'chapter': '7', 'verse': '45', 'word_num': 28, 'word': 'fathers', 'occurrence': 2}]",fathers,1,πατέρων = fathers,0.051094890510948905
77,140213,act,7,51,13,",774271,774272,",",759011,",1,"[{'id': 774271, 'book_id': 'act', 'chapter': '7', 'verse': '51', 'word_num': 15, 'word': 'οἱ', 'occurrence': 1, 'strong': 'G35880', 'lemma': 'ὁ', 'morph': 'Gr,EA,,,,NMP,'}, {'id': 774272, 'book_id': 'act', 'chapter': '7', 'verse': '51', 'word_num': 16, 'word': 'πατέρες', 'occurrence': 1, 'strong': 'G39620', 'lemma': 'πατήρ', 'morph': 'Gr,N,,,,,NMP,'}]",οἱ πατέρες,2,0,"[{'id': 759011, 'book_id': 'act', 'chapter': '7', 'verse': '51', 'word_num': 18, 'word': 'fathers', 'occurrence': 1}]",fathers,1,οἱ πατέρες = fathers,0.072992700729927
78,140222,act,7,52,5,",774281,774282,",",759022,",1,"[{'id': 774281, 'book_id': 'act', 'chapter': '7', 'verse': '52', 'word_num': 5, 'word': 'οἱ', 'occurrence': 1, 'strong': 'G35880', 'lemma': 'ὁ', 'morph': 'Gr,EA,,,,NMP,'}, {'id': 774282, 'book_id': 'act', 'chapter': '7', 'verse': '52', 'word_num': 6, 'word': 'πατέρες', 'occurrence': 1, 'strong': 'G39620', 'lemma': 'πατήρ', 'morph': 'Gr,N,,,,,NMP,'}]",οἱ πατέρες,2,0,"[{'id': 759022, 'book_id': 'act', 'chapter': '7', 'verse': '52', 'word_num': 6, 'word': 'fathers', 'occurrence': 1}]",fathers,1,οἱ πατέρες = fathers,0.072992700729927
79,143775,act,13,17,7,",778104,778105,",",764024,",1,"[{'id': 778104, 'book_id': 'act', 'chapter': '13', 'verse': '17', 'word_num': 7, 'word': 'τοὺς', 'occurrence': 1, 'strong': 'G35880', 'lemma': 'ὁ', 'morph': 'Gr,EA,,,,AMP,'}, {'id': 778105, 'book_id': 'act', 'chapter': '13', 'verse': '17', 'word_num': 8, 'word': 'πατέρας', 'occurrence': 1, 'strong': 'G39620', 'lemma': 'πατήρ', 'morph': 'Gr,N,,,,,AMP,'}]",τοὺς πατέρας,2,0,"[{'id': 764024, 'book_id': 'act', 'chapter': '13', 'verse': '17', 'word_num': 8, 'word': 'fathers', 'occurrence': 1}]",fathers,1,τοὺς πατέρας = fathers,0.043795620437956206
80,144002,act,13,32,7,",778360,",",764368,",0,"[{'id': 778360, 'book_id': 'act', 'chapter': '13', 'verse': '32', 'word_num': 7, 'word': 'πατέρας', 'occurrence': 1, 'strong': 'G39620', 'lemma': 'πατήρ', 'morph': 'Gr,N,,,,,AMP,'}]",πατέρας,1,0,"[{'id': 764368, 'book_id': 'act', 'chapter': '13', 'verse': '32', 'word_num': 14, 'word': 'fathers', 'occurrence': 1}]",fathers,1,πατέρας = fathers,0.014598540145985401
81,144070,act,13,36,14,",778436,778437,",",764477,",1,"[{'id': 778436, 'book_id': 'act', 'chapter': '13', 'verse': '36', 'word_num': 14, 'word': 'τοὺς', 'occurrence': 1, 'strong': 'G35880', 'lemma': 'ὁ', 'morph': 'Gr,EA,,,,AMP,'}, {'id': 778437, 'book_id': 'act', 'chapter': '13', 'verse': '36', 'word_num': 15, 'word': 'πατέρας', 'occurrence': 1, 'strong': 'G39620', 'lemma': 'πατήρ', 'morph': 'Gr,N,,,,,AMP,'}]",τοὺς πατέρας,2,0,"[{'id': 764477, 'book_id': 'act', 'chapter': '13', 'verse': '36', 'word_num': 23, 'word': 'fathers', 'occurrence': 1}]",fathers,1,τοὺς πατέρας = fathers,0.043795620437956206
82,144971,act,15,10,14,",779397,779398,",",765742,",1,"[{'id': 779397, 'book_id': 'act', 'chapter': '15', 'verse': '10', 'word_num': 15, 'word': 'οἱ', 'occurrence': 1, 'strong': 'G35880', 'lemma': 'ὁ', 'morph': 'Gr,EA,,,,NMP,'}, {'id': 779398, 'book_id': 'act', 'chapter': '15', 'verse': '10', 'word_num': 16, 'word': 'πατέρες', 'occurrence': 1, 'strong': 'G39620', 'lemma': 'πατήρ', 'morph': 'Gr,N,,,,,NMP,'}]",οἱ πατέρες,2,0,"[{'id': 765742, 'book_id': 'act', 'chapter': '15', 'verse': '10', 'word_num': 20, 'word': 'fathers', 'occurrence': 1}]",fathers,1,οἱ πατέρες = fathers,0.072992700729927
83,145444,act,16,1,20,",779908,",",766409,766410,",0,"[{'id': 779908, 'book_id': 'act', 'chapter': '16', 'verse': '1', 'word_num': 20, 'word': 'πατρὸς', 'occurrence': 1, 'strong': 'G39620', 'lemma': 'πατήρ', 'morph': 'Gr,N,,,,,GMS,'}]",πατρὸς,1,1,"[{'id': 766409, 'book_id': 'act', 'chapter': '16', 'verse': '1', 'word_num': 25, 'word': 'his', 'occurrence': 1}, {'id': 766410, 'book_id': 'act', 'chapter': '16', 'verse': '1', 'word_num': 26, 'word': 'father', 'occurrence': 1}]",his father,2,πατρὸς = his father,0.0072992700729927005
84,145479,act,16,3,23,",779945,779946,",",766455,",1,"[{'id': 779945, 'book_id': 'act', 'chapter': '16', 'verse': '3', 'word_num': 25, 'word': 'ὁ', 'occurrence': 2, 'strong': 'G35880', 'lemma': 'ὁ', 'morph': 'Gr,EA,,,,NMS,'}, {'id': 779946, 'book_id': 'act', 'chapter': '16', 'verse': '3', 'word_num': 26, 'word': 'πατὴρ', 'occurrence': 1, 'strong': 'G39620', 'lemma': 'πατήρ', 'morph': 'Gr,N,,,,,NMS,'}]",ὁ πατὴρ,2,0,"[{'id': 766455, 'book_id': 'act', 'chapter': '16', 'verse': '3', 'word_num': 29, 'word': 'father', 'occurrence': 1}]",father,1,ὁ πατὴρ = father,0.0364963503649635
85,149282,act,22,1,3,",784018,",",771771,",0,"[{'id': 784018, 'book_id': 'act', 'chapter': '22', 'verse': '1', 'word_num': 3, 'word': 'πατέρες', 'occurrence': 1, 'strong': 'G39620', 'lemma': 'πατήρ', 'morph': 'Gr,N,,,,,VMP,'}]",πατέρες,1,0,"[{'id': 771771, 'book_id': 'act', 'chapter': '22', 'verse': '1', 'word_num': 3, 'word': 'fathers', 'occurrence': 1}]",fathers,1,πατέρες = fathers,0.029197080291970802
86,149527,act,22,14,6,",784268,",",772107,",0,"[{'id': 784268, 'book_id': 'act', 'chapter': '22', 'verse': '14', 'word_num': 6, 'word': 'πατέρων', 'occurrence': 1, 'strong': 'G39620', 'lemma': 'πατήρ', 'morph': 'Gr,N,,,,,GMP,'}]",πατέρων,1,0,"[{'id': 772107, 'book_id': 'act', 'chapter': '22', 'verse': '14', 'word_num': 7, 'word': 'fathers', 'occurrence': 1}]",fathers,1,πατέρων = fathers,0.051094890510948905
87,151507,act,26,6,6,",786342,786343,",",775009,",1,"[{'id': 786342, 'book_id': 'act', 'chapter': '26', 'verse': '6', 'word_num': 6, 'word': 'τοὺς', 'occurrence': 1, 'strong': 'G35880', 'lemma': 'ὁ', 'morph': 'Gr,EA,,,,AMP,'}, {'id': 786343, 'book_id': 'act', 'chapter': '26', 'verse': '6', 'word_num': 7, 'word': 'πατέρας', 'occurrence': 1, 'strong': 'G39620', 'lemma': 'πατήρ', 'morph': 'Gr,N,,,,,AMP,'}]",τοὺς πατέρας,2,0,"[{'id': 775009, 'book_id': 'act', 'chapter': '26', 'verse': '6', 'word_num': 19, 'word': 'fathers', 'occurrence': 1}]",fathers,1,τοὺς πατέρας = fathers,0.043795620437956206
88,152837,act,28,8,3,",787741,",",776931,",0,"[{'id': 787741, 'book_id': 'act', 'chapter': '28', 'verse': '8', 'word_num': 3, 'word': 'πατέρα', 'occurrence': 1, 'strong': 'G39620', 'lemma': 'πατήρ', 'morph': 'Gr,N,,,,,AMS,'}]",πατέρα,1,0,"[{'id': 776931, 'book_id': 'act', 'chapter': '28', 'verse': '8', 'word_num': 4, 'word': 'father', 'occurrence': 1}]",father,1,πατέρα = father,0.043795620437956206
89,153165,act,28,25,21,",788084,788085,",",777400,",1,"[{'id': 788084, 'book_id': 'act', 'chapter': '28', 'verse': '25', 'word_num': 23, 'word': 'τοὺς', 'occurrence': 1, 'strong': 'G35880', 'lemma': 'ὁ', 'morph': 'Gr,EA,,,,AMP,'}, {'id': 788085, 'book_id': 'act', 'chapter': '28', 'verse': '25', 'word_num': 24, 'word': 'πατέρας', 'occurrence': 1, 'strong': 'G39620', 'lemma': 'πατήρ', 'morph': 'Gr,N,,,,,AMP,'}]",τοὺς πατέρας,2,0,"[{'id': 777400, 'book_id': 'act', 'chapter': '28', 'verse': '25', 'word_num': 28, 'word': 'fathers', 'occurrence': 1}]",fathers,1,τοὺς πατέρας = fathers,0.043795620437956206
90,153289,gal,1,1,14,",788215,",",777570,777571,",0,"[{'id': 788215, 'book_id': 'gal', 'chapter': '1', 'verse': '1', 'word_num': 14, 'word': 'Πατρὸς', 'occurrence': 1, 'strong': 'G39620', 'lemma': 'πατήρ', 'morph': 'Gr,N,,,,,GMS,'}]",Πατρὸς,1,1,"[{'id': 777570, 'book_id': 'gal', 'chapter': '1', 'verse': '1', 'word_num': 16, 'word': 'the', 'occurrence': 1}, {'id': 777571, 'book_id': 'gal', 'chapter': '1', 'verse': '1', 'word_num': 17, 'word': 'Father', 'occurrence': 1}]",the Father,2,Πατρὸς = the Father,0.051094890510948905
91,153308,gal,1,3,6,",788237,",",777596,777597,",0,"[{'id': 788237, 'book_id': 'gal', 'chapter': '1', 'verse': '3', 'word_num': 6, 'word': 'Πατρὸς', 'occurrence': 1, 'strong': 'G39620', 'lemma': 'πατήρ', 'morph': 'Gr,N,,,,,GMS,'}]",Πατρὸς,1,1,"[{'id': 777596, 'book_id': 'gal', 'chapter': '1', 'verse': '3', 'word_num': 7, 'word': 'the', 'occurrence': 1}, {'id': 777597, 'book_id': 'gal', 'chapter': '1', 'verse': '3', 'word_num': 8, 'word': 'Father', 'occurrence': 1}]",the Father,2,Πατρὸς = the Father,0.051094890510948905
92,153331,gal,1,4,19,",788265,",",777628,",0,"[{'id': 788265, 'book_id': 'gal', 'chapter': '1', 'verse': '4', 'word_num': 22, 'word': 'Πατρὸς', 'occurrence': 1, 'strong': 'G39620', 'lemma': 'πατήρ', 'morph': 'Gr,N,,,,,GMS,'}]",Πατρὸς,1,0,"[{'id': 777628, 'book_id': 'gal', 'chapter': '1', 'verse': '4', 'word_num': 25, 'word': 'Father', 'occurrence': 1}]",Father,1,Πατρὸς = Father,0.043795620437956206
93,154256,gal,4,2,10,",789427,",",779371,",0,"[{'id': 789427, 'book_id': 'gal', 'chapter': '4', 'verse': '2', 'word_num': 10, 'word': 'πατρός', 'occurrence': 1, 'strong': 'G39620', 'lemma': 'πατήρ', 'morph': 'Gr,N,,,,,GMS,'}]",πατρός,1,0,"[{'id': 779371, 'book_id': 'gal', 'chapter': '4', 'verse': '2', 'word_num': 13, 'word': 'father', 'occurrence': 1}]",father,1,πατρός = father,0.021897810218978103
94,154304,gal,4,6,15,",789487,789488,",",779446,",1,"[{'id': 789487, 'book_id': 'gal', 'chapter': '4', 'verse': '6', 'word_num': 18, 'word': 'ὁ', 'occurrence': 2, 'strong': 'G35880', 'lemma': 'ὁ', 'morph': 'Gr,EA,,,,VMS,'}, {'id': 789488, 'book_id': 'gal', 'chapter': '4', 'verse': '6', 'word_num': 19, 'word': 'Πατήρ', 'occurrence': 1, 'strong': 'G39620', 'lemma': 'πατήρ', 'morph': 'Gr,N,,,,,VMS,'}]",ὁ Πατήρ,2,0,"[{'id': 779446, 'book_id': 'gal', 'chapter': '4', 'verse': '6', 'word_num': 20, 'word': 'Father', 'occurrence': 1}]",Father,1,ὁ Πατήρ = Father,0.021897810218978103
95,155080,eph,1,2,6,",790451,",",780901,",0,"[{'id': 790451, 'book_id': 'eph', 'chapter': '1', 'verse': '2', 'word_num': 6, 'word': 'Πατρὸς', 'occurrence': 1, 'strong': 'G39620', 'lemma': 'πατήρ', 'morph': 'Gr,N,,,,,GMS,'}]",Πατρὸς,1,0,"[{'id': 780901, 'book_id': 'eph', 'chapter': '1', 'verse': '2', 'word_num': 8, 'word': 'Father', 'occurrence': 1}]",Father,1,Πατρὸς = Father,0.043795620437956206
96,155090,eph,1,3,4,",790461,",",780912,",0,"[{'id': 790461, 'book_id': 'eph', 'chapter': '1', 'verse': '3', 'word_num': 4, 'word': 'Πατὴρ', 'occurrence': 1, 'strong': 'G39620', 'lemma': 'πατήρ', 'morph': 'Gr,N,,,,,NMS,'}]",Πατὴρ,1,0,"[{'id': 780912, 'book_id': 'eph', 'chapter': '1', 'verse': '3', 'word_num': 5, 'word': 'Father', 'occurrence': 1}]",Father,1,Πατὴρ = Father,0.058394160583941604
97,155312,eph,1,17,9,",790699,",",781221,",0,"[{'id': 790699, 'book_id': 'eph', 'chapter': '1', 'verse': '17', 'word_num': 9, 'word': 'Πατὴρ', 'occurrence': 1, 'strong': 'G39620', 'lemma': 'πατήρ', 'morph': 'Gr,N,,,,,NMS,'}]",Πατὴρ,1,0,"[{'id': 781221, 'book_id': 'eph', 'chapter': '1', 'verse': '17', 'word_num': 10, 'word': 'Father', 'occurrence': 1}]",Father,1,Πατὴρ = Father,0.058394160583941604
98,155734,eph,2,18,11,",791137,",",781771,",0,"[{'id': 791137, 'book_id': 'eph', 'chapter': '2', 'verse': '18', 'word_num': 13, 'word': 'Πατέρα', 'occurrence': 1, 'strong': 'G39620', 'lemma': 'πατήρ', 'morph': 'Gr,N,,,,,AMS,'}]",Πατέρα,1,0,"[{'id': 781771, 'book_id': 'eph', 'chapter': '2', 'verse': '18', 'word_num': 12, 'word': 'Father', 'occurrence': 1}]",Father,1,Πατέρα = Father,0.06569343065693431
99,155984,eph,3,14,7,",791398,",",782119,",0,"[{'id': 791398, 'book_id': 'eph', 'chapter': '3', 'verse': '14', 'word_num': 8, 'word': 'Πατέρα', 'occurrence': 1, 'strong': 'G39620', 'lemma': 'πατήρ', 'morph': 'Gr,N,,,,,AMS,'}]",Πατέρα,1,0,"[{'id': 782119, 'book_id': 'eph', 'chapter': '3', 'verse': '14', 'word_num': 9, 'word': 'Father', 'occurrence': 1}]",Father,1,Πατέρα = Father,0.06569343065693431
100,156150,eph,4,6,3,",791574,",",782341,",0,"[{'id': 791574, 'book_id': 'eph', 'chapter': '4', 'verse': '6', 'word_num': 3, 'word': 'Πατὴρ', 'occurrence': 1, 'strong': 'G39620', 'lemma': 'πατήρ', 'morph': 'Gr,N,,,,,NMS,'}]",Πατὴρ,1,0,"[{'id': 782341, 'book_id': 'eph', 'chapter': '4', 'verse': '6', 'word_num': 3, 'word': 'Father', 'occurrence': 1}]",Father,1,Πατὴρ = Father,0.058394160583941604
101,156809,eph,5,20,14,",792257,",",783228,783229,",0,"[{'id': 792257, 'book_id': 'eph', 'chapter': '5', 'verse': '20', 'word_num': 14, 'word': 'Πατρί', 'occurrence': 1, 'strong': 'G39620', 'lemma': 'πατήρ', 'morph': 'Gr,N,,,,,DMS,'}]",Πατρί,1,1,"[{'id': 783228, 'book_id': 'eph', 'chapter': '5', 'verse': '20', 'word_num': 16, 'word': 'the', 'occurrence': 2}, {'id': 783229, 'book_id': 'eph', 'chapter': '5', 'verse': '20', 'word_num': 17, 'word': 'Father', 'occurrence': 1}]",the Father,2,Πατρί = the Father,0.0072992700729927005
102,156946,eph,5,31,5,",792401,",",783417,",0,"[{'id': 792401, 'book_id': 'eph', 'chapter': '5', 'verse': '31', 'word_num': 5, 'word': 'πατέρα', 'occurrence': 1, 'strong': 'G39620', 'lemma': 'πατήρ', 'morph': 'Gr,N,,,,,AMS,'}]",πατέρα,1,0,"[{'id': 783417, 'book_id': 'eph', 'chapter': '5', 'verse': '31', 'word_num': 8, 'word': 'father', 'occurrence': 1}]",father,1,πατέρα = father,0.043795620437956206
103,157003,eph,6,2,1,",792465,792466,",",783486,",1,"[{'id': 792465, 'book_id': 'eph', 'chapter': '6', 'verse': '2', 'word_num': 1, 'word': 'τὸν', 'occurrence': 1, 'strong': 'G35880', 'lemma': 'ὁ', 'morph': 'Gr,EA,,,,AMS,'}, {'id': 792466, 'book_id': 'eph', 'chapter': '6', 'verse': '2', 'word_num': 2, 'word': 'πατέρα', 'occurrence': 1, 'strong': 'G39620', 'lemma': 'πατήρ', 'morph': 'Gr,N,,,,,AMS,'}]",τὸν πατέρα,2,0,"[{'id': 783486, 'book_id': 'eph', 'chapter': '6', 'verse': '2', 'word_num': 2, 'word': 'father', 'occurrence': 1}]",father,1,τὸν πατέρα = father,0.051094890510948905
104,157024,eph,6,4,1,",792488,792489,",",783515,",1,"[{'id': 792488, 'book_id': 'eph', 'chapter': '6', 'verse': '4', 'word_num': 1, 'word': 'οἱ', 'occurrence': 1, 'strong': 'G35880', 'lemma': 'ὁ', 'morph': 'Gr,EA,,,,VMP,'}, {'id': 792489, 'book_id': 'eph', 'chapter': '6', 'verse': '4', 'word_num': 2, 'word': 'πατέρες', 'occurrence': 1, 'strong': 'G39620', 'lemma': 'πατήρ', 'morph': 'Gr,N,,,,,VMP,'}]",οἱ πατέρες,2,0,"[{'id': 783515, 'book_id': 'eph', 'chapter': '6', 'verse': '4', 'word_num': 1, 'word': 'fathers', 'occurrence': 1}]",fathers,1,οἱ πατέρες = fathers,0.072992700729927
105,157349,eph,6,23,9,",792827,",",783946,783947,",0,"[{'id': 792827, 'book_id': 'eph', 'chapter': '6', 'verse': '23', 'word_num': 9, 'word': 'Πατρὸς', 'occurrence': 1, 'strong': 'G39620', 'lemma': 'πατήρ', 'morph': 'Gr,N,,,,,GMS,'}]",Πατρὸς,1,1,"[{'id': 783946, 'book_id': 'eph', 'chapter': '6', 'verse': '23', 'word_num': 10, 'word': 'the', 'occurrence': 2}, {'id': 783947, 'book_id': 'eph', 'chapter': '6', 'verse': '23', 'word_num': 11, 'word': 'Father', 'occurrence': 1}]",the Father,2,Πατρὸς = the Father,0.051094890510948905
106,157388,php,1,2,6,",792871,",",784000,",0,"[{'id': 792871, 'book_id': 'php', 'chapter': '1', 'verse': '2', 'word_num': 6, 'word': 'Πατρὸς', 'occurrence': 1, 'strong': 'G39620', 'lemma': 'πατήρ', 'morph': 'Gr,N,,,,,GMS,'}]",Πατρὸς,1,0,"[{'id': 784000, 'book_id': 'php', 'chapter': '1', 'verse': '2', 'word_num': 10, 'word': 'Father', 'occurrence': 1}]",Father,1,Πατρὸς = Father,0.043795620437956206
107,157874,php,2,11,11,",793488,",",784857,784858,",0,"[{'id': 793488, 'book_id': 'php', 'chapter': '2', 'verse': '11', 'word_num': 11, 'word': 'Πατρὸς', 'occurrence': 1, 'strong': 'G39620', 'lemma': 'πατήρ', 'morph': 'Gr,N,,,,,GMS,'}]",Πατρὸς,1,1,"[{'id': 784857, 'book_id': 'php', 'chapter': '2', 'verse': '11', 'word_num': 16, 'word': 'the', 'occurrence': 2}, {'id': 784858, 'book_id': 'php', 'chapter': '2', 'verse': '11', 'word_num': 17, 'word': 'Father', 'occurrence': 1}]",the Father,2,Πατρὸς = the Father,0.051094890510948905
108,158010,php,2,22,5,",793647,",",785080,785081,785082,",0,"[{'id': 793647, 'book_id': 'php', 'chapter': '2', 'verse': '22', 'word_num': 7, 'word': 'πατρὶ', 'occurrence': 1, 'strong': 'G39620', 'lemma': 'πατήρ', 'morph': 'Gr,N,,,,,DMS,'}]",πατρὶ,1,2,"[{'id': 785080, 'book_id': 'php', 'chapter': '2', 'verse': '22', 'word_num': 9, 'word': 'with', 'occurrence': 1}, {'id': 785081, 'book_id': 'php', 'chapter': '2', 'verse': '22', 'word_num': 10, 'word': 'his', 'occurrence': 2}, {'id': 785082, 'book_id': 'php', 'chapter': '2', 'verse': '22', 'word_num': 11, 'word': 'father', 'occurrence': 1}]",with his father,3,πατρὶ = with his father,0.0072992700729927005
109,158727,php,4,20,4,",794427,",",786252,",0,"[{'id': 794427, 'book_id': 'php', 'chapter': '4', 'verse': '20', 'word_num': 4, 'word': 'Πατρὶ', 'occurrence': 1, 'strong': 'G39620', 'lemma': 'πατήρ', 'morph': 'Gr,N,,,,,DMS,'}]",Πατρὶ,1,0,"[{'id': 786252, 'book_id': 'php', 'chapter': '4', 'verse': '20', 'word_num': 5, 'word': 'Father', 'occurrence': 1}]",Father,1,Πατρὶ = Father,0.014598540145985401
110,158790,col,1,2,15,",794498,",",786337,",0,"[{'id': 794498, 'book_id': 'col', 'chapter': '1', 'verse': '2', 'word_num': 15, 'word': 'Πατρὸς', 'occurrence': 1, 'strong': 'G39620', 'lemma': 'πατήρ', 'morph': 'Gr,N,,,,,GMS,'}]",Πατρὸς,1,0,"[{'id': 786337, 'book_id': 'col', 'chapter': '1', 'verse': '2', 'word_num': 22, 'word': 'Father', 'occurrence': 1}]",Father,1,Πατρὸς = Father,0.043795620437956206
111,158798,col,1,3,2,",794507,",",786348,786349,",0,"[{'id': 794507, 'book_id': 'col', 'chapter': '1', 'verse': '3', 'word_num': 3, 'word': 'Πατρὶ', 'occurrence': 1, 'strong': 'G39620', 'lemma': 'πατήρ', 'morph': 'Gr,N,,,,,DMS,'}]",Πατρὶ,1,1,"[{'id': 786348, 'book_id': 'col', 'chapter': '1', 'verse': '3', 'word_num': 5, 'word': 'the', 'occurrence': 1}, {'id': 786349, 'book_id': 'col', 'chapter': '1', 'verse': '3', 'word_num': 6, 'word': 'Father', 'occurrence': 1}]",the Father,2,Πατρὶ = the Father,0.014598540145985401
112,158929,col,1,12,2,",794671,",",786598,786600,",0,"[{'id': 794671, 'book_id': 'col', 'chapter': '1', 'verse': '12', 'word_num': 2, 'word': 'Πατρὶ', 'occurrence': 1, 'strong': 'G39620', 'lemma': 'πατήρ', 'morph': 'Gr,N,,,,,DMS,'}]",Πατρὶ,1,2,"[{'id': 786598, 'book_id': 'col', 'chapter': '1', 'verse': '12', 'word_num': 7, 'word': 'to', 'occurrence': 1}, {'id': 786600, 'book_id': 'col', 'chapter': '1', 'verse': '12', 'word_num': 9, 'word': 'Father', 'occurrence': 1}]",to Father,2,Πατρὶ = to Father,0.0072992700729927005
113,159705,col,3,17,16,",795665,",",787918,787919,",0,"[{'id': 795665, 'book_id': 'col', 'chapter': '3', 'verse': '17', 'word_num': 19, 'word': 'Πατρὶ', 'occurrence': 1, 'strong': 'G39620', 'lemma': 'πατήρ', 'morph': 'Gr,N,,,,,DMS,'}]",Πατρὶ,1,1,"[{'id': 787918, 'book_id': 'col', 'chapter': '3', 'verse': '17', 'word_num': 23, 'word': 'the', 'occurrence': 3}, {'id': 787919, 'book_id': 'col', 'chapter': '3', 'verse': '17', 'word_num': 24, 'word': 'Father', 'occurrence': 1}]",the Father,2,Πατρὶ = the Father,0.014598540145985401
114,159736,col,3,21,0,",795700,795701,",",787959,",1,"[{'id': 795700, 'book_id': 'col', 'chapter': '3', 'verse': '21', 'word_num': 0, 'word': 'οἱ', 'occurrence': 1, 'strong': 'G35880', 'lemma': 'ὁ', 'morph': 'Gr,EA,,,,VMP,'}, {'id': 795701, 'book_id': 'col', 'chapter': '3', 'verse': '21', 'word_num': 1, 'word': 'πατέρες', 'occurrence': 1, 'strong': 'G39620', 'lemma': 'πατήρ', 'morph': 'Gr,N,,,,,VMP,'}]",οἱ πατέρες,2,0,"[{'id': 787959, 'book_id': 'col', 'chapter': '3', 'verse': '21', 'word_num': 0, 'word': 'Fathers', 'occurrence': 1}]",Fathers,1,οἱ πατέρες = Fathers,0.0072992700729927005
115,160046,1ti,1,2,10,",796078,",",788479,788480,",0,"[{'id': 796078, 'book_id': '1ti', 'chapter': '1', 'verse': '2', 'word_num': 10, 'word': 'Πατρὸς', 'occurrence': 1, 'strong': 'G39620', 'lemma': 'πατήρ', 'morph': 'Gr,N,,,,,GMS,'}]",Πατρὸς,1,1,"[{'id': 788479, 'book_id': '1ti', 'chapter': '1', 'verse': '2', 'word_num': 14, 'word': 'the', 'occurrence': 2}, {'id': 788480, 'book_id': '1ti', 'chapter': '1', 'verse': '2', 'word_num': 15, 'word': 'Father', 'occurrence': 1}]",the Father,2,Πατρὸς = the Father,0.051094890510948905
116,160923,1ti,5,1,6,",796980,",",789788,789789,",0,"[{'id': 796980, 'book_id': '1ti', 'chapter': '5', 'verse': '1', 'word_num': 6, 'word': 'πατέρα', 'occurrence': 1, 'strong': 'G39620', 'lemma': 'πατήρ', 'morph': 'Gr,N,,,,,AMS,'}]",πατέρα,1,1,"[{'id': 789788, 'book_id': '1ti', 'chapter': '5', 'verse': '1', 'word_num': 10, 'word': 'a', 'occurrence': 1}, {'id': 789789, 'book_id': '1ti', 'chapter': '5', 'verse': '1', 'word_num': 11, 'word': 'father', 'occurrence': 1}]",a father,2,πατέρα = a father,0.0072992700729927005
117,161580,2ti,1,2,8,",797667,",",790786,790787,",0,"[{'id': 797667, 'book_id': '2ti', 'chapter': '1', 'verse': '2', 'word_num': 8, 'word': 'Πατρὸς', 'occurrence': 1, 'strong': 'G39620', 'lemma': 'πατήρ', 'morph': 'Gr,N,,,,,GMS,'}]",Πατρὸς,1,1,"[{'id': 790786, 'book_id': '2ti', 'chapter': '1', 'verse': '2', 'word_num': 10, 'word': 'the', 'occurrence': 1}, {'id': 790787, 'book_id': '2ti', 'chapter': '1', 'verse': '2', 'word_num': 11, 'word': 'Father', 'occurrence': 1}]",the Father,2,Πατρὸς = the Father,0.051094890510948905
118,162607,tit,1,4,11,",798938,",",792530,792531,",0,"[{'id': 798938, 'book_id': 'tit', 'chapter': '1', 'verse': '4', 'word_num': 11, 'word': 'Πατρὸς', 'occurrence': 1, 'strong': 'G39620', 'lemma': 'πατήρ', 'morph': 'Gr,N,,,,,GMS,'}]",Πατρὸς,1,1,"[{'id': 792530, 'book_id': 'tit', 'chapter': '1', 'verse': '4', 'word_num': 14, 'word': 'the', 'occurrence': 1}, {'id': 792531, 'book_id': 'tit', 'chapter': '1', 'verse': '4', 'word_num': 15, 'word': 'Father', 'occurrence': 1}]",the Father,2,Πατρὸς = the Father,0.051094890510948905
119,163226,1jn,1,2,18,",799581,",",793458,",0,"[{'id': 799581, 'book_id': '1jn', 'chapter': '1', 'verse': '2', 'word_num': 19, 'word': 'Πατέρα', 'occurrence': 1, 'strong': 'G39620', 'lemma': 'πατήρ', 'morph': 'Gr,N,,,,,AMS,'}]",Πατέρα,1,0,"[{'id': 793458, 'book_id': '1jn', 'chapter': '1', 'verse': '2', 'word_num': 29, 'word': 'Father', 'occurrence': 1}]",Father,1,Πατέρα = Father,0.06569343065693431
120,163244,1jn,1,3,20,",799607,",",793493,",0,"[{'id': 799607, 'book_id': '1jn', 'chapter': '1', 'verse': '3', 'word_num': 22, 'word': 'Πατρὸς', 'occurrence': 1, 'strong': 'G39620', 'lemma': 'πατήρ', 'morph': 'Gr,N,,,,,GMS,'}]",Πατρὸς,1,0,"[{'id': 793493, 'book_id': '1jn', 'chapter': '1', 'verse': '3', 'word_num': 26, 'word': 'Father', 'occurrence': 1}]",Father,1,Πατρὸς = Father,0.043795620437956206
121,163384,1jn,2,1,16,",799762,",",793684,",0,"[{'id': 799762, 'book_id': '1jn', 'chapter': '2', 'verse': '1', 'word_num': 16, 'word': 'Πατέρα', 'occurrence': 1, 'strong': 'G39620', 'lemma': 'πατήρ', 'morph': 'Gr,N,,,,,AMS,'}]",Πατέρα,1,0,"[{'id': 793684, 'book_id': '1jn', 'chapter': '2', 'verse': '1', 'word_num': 25, 'word': 'Father', 'occurrence': 1}]",Father,1,Πατέρα = Father,0.06569343065693431
122,163570,1jn,2,13,2,",799971,",",793939,",0,"[{'id': 799971, 'book_id': '1jn', 'chapter': '2', 'verse': '13', 'word_num': 2, 'word': 'πατέρες', 'occurrence': 1, 'strong': 'G39620', 'lemma': 'πατήρ', 'morph': 'Gr,N,,,,,VMP,'}]",πατέρες,1,0,"[{'id': 793939, 'book_id': '1jn', 'chapter': '2', 'verse': '13', 'word_num': 5, 'word': 'fathers', 'occurrence': 1}]",fathers,1,πατέρες = fathers,0.029197080291970802
123,163589,1jn,2,14,6,",799990,",",793975,",0,"[{'id': 799990, 'book_id': '1jn', 'chapter': '2', 'verse': '14', 'word_num': 6, 'word': 'Πατέρα', 'occurrence': 1, 'strong': 'G39620', 'lemma': 'πατήρ', 'morph': 'Gr,N,,,,,AMS,'}]",Πατέρα,1,0,"[{'id': 793975, 'book_id': '1jn', 'chapter': '2', 'verse': '14', 'word_num': 11, 'word': 'Father', 'occurrence': 1}]",Father,1,Πατέρα = Father,0.06569343065693431
124,163592,1jn,2,14,9,",799993,",",793981,",0,"[{'id': 799993, 'book_id': '1jn', 'chapter': '2', 'verse': '14', 'word_num': 9, 'word': 'πατέρες', 'occurrence': 1, 'strong': 'G39620', 'lemma': 'πατήρ', 'morph': 'Gr,N,,,,,VMP,'}]",πατέρες,1,0,"[{'id': 793981, 'book_id': '1jn', 'chapter': '2', 'verse': '14', 'word_num': 17, 'word': 'fathers', 'occurrence': 1}]",fathers,1,πατέρες = fathers,0.029197080291970802
125,163633,1jn,2,15,18,",800035,800036,",",794038,794039,794040,",1,"[{'id': 800035, 'book_id': '1jn', 'chapter': '2', 'verse': '15', 'word_num': 18, 'word': 'τοῦ', 'occurrence': 1, 'strong': 'G35880', 'lemma': 'ὁ', 'morph': 'Gr,EA,,,,GMS,'}, {'id': 800036, 'book_id': '1jn', 'chapter': '2', 'verse': '15', 'word_num': 19, 'word': 'Πατρὸς', 'occurrence': 1, 'strong': 'G39620', 'lemma': 'πατήρ', 'morph': 'Gr,N,,,,,GMS,'}]",τοῦ Πατρὸς,2,2,"[{'id': 794038, 'book_id': '1jn', 'chapter': '2', 'verse': '15', 'word_num': 20, 'word': 'of', 'occurrence': 1}, {'id': 794039, 'book_id': '1jn', 'chapter': '2', 'verse': '15', 'word_num': 21, 'word': 'the', 'occurrence': 6}, {'id': 794040, 'book_id': '1jn', 'chapter': '2', 'verse': '15', 'word_num': 22, 'word': 'Father', 'occurrence': 1}]",of the Father,3,τοῦ Πατρὸς = of the Father,0.0072992700729927005
126,163659,1jn,2,16,23,",800063,",",794072,",0,"[{'id': 800063, 'book_id': '1jn', 'chapter': '2', 'verse': '16', 'word_num': 24, 'word': 'Πατρός', 'occurrence': 1, 'strong': 'G39620', 'lemma': 'πατήρ', 'morph': 'Gr,N,,,,,GMS,'}]",Πατρός,1,0,"[{'id': 794072, 'book_id': '1jn', 'chapter': '2', 'verse': '16', 'word_num': 27, 'word': 'Father', 'occurrence': 1}]",Father,1,Πατρός = Father,0.021897810218978103
127,163770,1jn,2,22,18,",800187,",",794229,",0,"[{'id': 800187, 'book_id': '1jn', 'chapter': '2', 'verse': '22', 'word_num': 21, 'word': 'Πατέρα', 'occurrence': 1, 'strong': 'G39620', 'lemma': 'πατήρ', 'morph': 'Gr,N,,,,,AMS,'}]",Πατέρα,1,0,"[{'id': 794229, 'book_id': '1jn', 'chapter': '2', 'verse': '22', 'word_num': 24, 'word': 'Father', 'occurrence': 1}]",Father,1,Πατέρα = Father,0.06569343065693431
128,163780,1jn,2,23,6,",800198,",",794242,",0,"[{'id': 800198, 'book_id': '1jn', 'chapter': '2', 'verse': '23', 'word_num': 7, 'word': 'Πατέρα', 'occurrence': 1, 'strong': 'G39620', 'lemma': 'πατήρ', 'morph': 'Gr,N,,,,,AMS,'}]",Πατέρα,1,0,"[{'id': 794242, 'book_id': '1jn', 'chapter': '2', 'verse': '23', 'word_num': 9, 'word': 'Father', 'occurrence': 1}]",Father,1,Πατέρα = Father,0.06569343065693431
129,163787,1jn,2,23,13,",800206,",",794252,",0,"[{'id': 800206, 'book_id': '1jn', 'chapter': '2', 'verse': '23', 'word_num': 15, 'word': 'Πατέρα', 'occurrence': 2, 'strong': 'G39620', 'lemma': 'πατήρ', 'morph': 'Gr,N,,,,,AMS,'}]",Πατέρα,1,0,"[{'id': 794252, 'book_id': '1jn', 'chapter': '2', 'verse': '23', 'word_num': 19, 'word': 'Father', 'occurrence': 2}]",Father,1,Πατέρα = Father,0.06569343065693431
130,163812,1jn,2,24,23,",800232,",",794287,",0,"[{'id': 800232, 'book_id': '1jn', 'chapter': '2', 'verse': '24', 'word_num': 24, 'word': 'Πατρὶ', 'occurrence': 1, 'strong': 'G39620', 'lemma': 'πατήρ', 'morph': 'Gr,N,,,,,DMS,'}]",Πατρὶ,1,0,"[{'id': 794287, 'book_id': '1jn', 'chapter': '2', 'verse': '24', 'word_num': 34, 'word': 'Father', 'occurrence': 1}]",Father,1,Πατρὶ = Father,0.014598540145985401
131,163908,1jn,3,1,6,",800338,",",794412,",0,"[{'id': 800338, 'book_id': '1jn', 'chapter': '3', 'verse': '1', 'word_num': 6, 'word': 'Πατὴρ', 'occurrence': 1, 'strong': 'G39620', 'lemma': 'πατήρ', 'morph': 'Gr,N,,,,,NMS,'}]",Πατὴρ,1,0,"[{'id': 794412, 'book_id': '1jn', 'chapter': '3', 'verse': '1', 'word_num': 6, 'word': 'Father', 'occurrence': 1}]",Father,1,Πατὴρ = Father,0.058394160583941604
132,164542,1jn,4,14,7,",801079,",",795304,",0,"[{'id': 801079, 'book_id': '1jn', 'chapter': '4', 'verse': '14', 'word_num': 7, 'word': 'Πατὴρ', 'occurrence': 1, 'strong': 'G39620', 'lemma': 'πατήρ', 'morph': 'Gr,N,,,,,NMS,'}]",Πατὴρ,1,0,"[{'id': 795304, 'book_id': '1jn', 'chapter': '4', 'verse': '14', 'word_num': 10, 'word': 'Father', 'occurrence': 1}]",Father,1,Πατὴρ = Father,0.058394160583941604
133,165088,2jn,1,3,8,",801722,",",796061,796062,",0,"[{'id': 801722, 'book_id': '2jn', 'chapter': '1', 'verse': '3', 'word_num': 8, 'word': 'Πατρός', 'occurrence': 1, 'strong': 'G39620', 'lemma': 'πατήρ', 'morph': 'Gr,N,,,,,GMS,'}]",Πατρός,1,1,"[{'id': 796061, 'book_id': '2jn', 'chapter': '1', 'verse': '3', 'word_num': 10, 'word': 'the', 'occurrence': 1}, {'id': 796062, 'book_id': '2jn', 'chapter': '1', 'verse': '3', 'word_num': 11, 'word': 'Father', 'occurrence': 1}]",the Father,2,Πατρός = the Father,0.0072992700729927005
134,165096,2jn,1,3,16,",801730,",",796069,796071,",0,"[{'id': 801730, 'book_id': '2jn', 'chapter': '1', 'verse': '3', 'word_num': 16, 'word': 'Πατρός', 'occurrence': 2, 'strong': 'G39620', 'lemma': 'πατήρ', 'morph': 'Gr,N,,,,,GMS,'}]",Πατρός,1,2,"[{'id': 796069, 'book_id': '2jn', 'chapter': '1', 'verse': '3', 'word_num': 18, 'word': 'of', 'occurrence': 1}, {'id': 796071, 'book_id': '2jn', 'chapter': '1', 'verse': '3', 'word_num': 20, 'word': 'Father', 'occurrence': 2}]",of Father,2,Πατρός = of Father,0.0072992700729927005
135,165116,2jn,1,4,15,",801751,",",796099,",0,"[{'id': 801751, 'book_id': '2jn', 'chapter': '1', 'verse': '4', 'word_num': 16, 'word': 'Πατρός', 'occurrence': 1, 'strong': 'G39620', 'lemma': 'πατήρ', 'morph': 'Gr,N,,,,,GMS,'}]",Πατρός,1,0,"[{'id': 796099, 'book_id': '2jn', 'chapter': '1', 'verse': '4', 'word_num': 23, 'word': 'Father', 'occurrence': 1}]",Father,1,Πατρός = Father,0.021897810218978103
136,165198,2jn,1,9,20,",801849,",",796243,",0,"[{'id': 801849, 'book_id': '2jn', 'chapter': '1', 'verse': '9', 'word_num': 22, 'word': 'Πατέρα', 'occurrence': 1, 'strong': 'G39620', 'lemma': 'πατήρ', 'morph': 'Gr,N,,,,,AMS,'}]",Πατέρα,1,0,"[{'id': 796243, 'book_id': '2jn', 'chapter': '1', 'verse': '9', 'word_num': 30, 'word': 'Father', 'occurrence': 1}]",Father,1,Πατέρα = Father,0.06569343065693431
