"id","book_id","chapter","verse","alignment_num","orig_lang_words","target_lang_words","origSpan","origWords","origWordsTxt","alignmentOrigWords","targetSpan","targetWords","targetWordsTxt","alignmentTargetWords","alignmentTxt","frequency","matchCount","origWordsBetween","targetWordsBetween"
"464132","mrk","10","17","12",",1444269,",",1220217,",0,"[{'id': 1444269, 'book_id': 'mrk', 'chapter': '10', 'verse': '17', 'word_num': 13, 'word': 'ἀγαθέ', 'occurrence': 1, 'strong': 'G00180', 'lemma': 'ἀγαθός', 'morph': 'Gr,AA,,,,VMS,'}]","ἀγαθέ",1,0,"[{'id': 1220217, 'book_id': 'mrk', 'chapter': '10', 'verse': '17', 'word_num': 19, 'word': 'Good', 'occurrence': 1}]","Good",1,"ἀγαθέ = Good",1.0,2,0,0
"482454","luk","18","18","7",",1463390,",",1245761,",0,"[{'id': 1463390, 'book_id': 'luk', 'chapter': '18', 'verse': '18', 'word_num': 7, 'word': 'ἀγαθέ', 'occurrence': 1, 'strong': 'G00180', 'lemma': 'ἀγαθός', 'morph': 'Gr,AA,,,,VMS,'}]","ἀγαθέ",1,0,"[{'id': 1245761, 'book_id': 'luk', 'chapter': '18', 'verse': '18', 'word_num': 7, 'word': 'Good', 'occurrence': 1}]","Good",1,"ἀγαθέ = Good",1.0,2,0,0
"464146","mrk","10","18","6",",1444284,",",1220238,",0,"[{'id': 1444284, 'book_id': 'mrk', 'chapter': '10', 'verse': '18', 'word_num': 8, 'word': 'ἀγαθόν', 'occurrence': 1, 'strong': 'G00180', 'lemma': 'ἀγαθός', 'morph': 'Gr,NS,,,,AMS,'}]","ἀγαθόν",1,0,"[{'id': 1220238, 'book_id': 'mrk', 'chapter': '10', 'verse': '18', 'word_num': 9, 'word': 'good', 'occurrence': 1}]","good",1,"ἀγαθόν = good",0.5,8,0,0
"473250","luk","6","45","12",",1454033,",",1233214,",0,"[{'id': 1454033, 'book_id': 'luk', 'chapter': '6', 'verse': '45', 'word_num': 11, 'word': 'ἀγαθόν', 'occurrence': 1, 'strong': 'G00180', 'lemma': 'ἀγαθός', 'morph': 'Gr,NS,,,,ANS,'}]","ἀγαθόν",1,0,"[{'id': 1233214, 'book_id': 'luk', 'chapter': '6', 'verse': '45', 'word_num': 13, 'word': 'good', 'occurrence': 3}]","good",1,"ἀγαθόν = good",0.5,8,0,0
"482468","luk","18","19","7",",1463404,",",1245781,",0,"[{'id': 1463404, 'book_id': 'luk', 'chapter': '18', 'verse': '19', 'word_num': 8, 'word': 'ἀγαθόν', 'occurrence': 1, 'strong': 'G00180', 'lemma': 'ἀγαθός', 'morph': 'Gr,NS,,,,AMS,'}]","ἀγαθόν",1,0,"[{'id': 1245781, 'book_id': 'luk', 'chapter': '18', 'verse': '19', 'word_num': 10, 'word': 'good', 'occurrence': 1}]","good",1,"ἀγαθόν = good",0.5,8,0,0
"520545","rom","2","10","8",",1503333,1503334,",",1297798,",1,"[{'id': 1503333, 'book_id': 'rom', 'chapter': '2', 'verse': '10', 'word_num': 9, 'word': 'τὸ', 'occurrence': 1, 'strong': 'G35880', 'lemma': 'ὁ', 'morph': 'Gr,EA,,,,ANS,'}, {'id': 1503334, 'book_id': 'rom', 'chapter': '2', 'verse': '10', 'word_num': 10, 'word': 'ἀγαθόν', 'occurrence': 1, 'strong': 'G00180', 'lemma': 'ἀγαθός', 'morph': 'Gr,NS,,,,ANS,'}]","τὸ ἀγαθόν",2,0,"[{'id': 1297798, 'book_id': 'rom', 'chapter': '2', 'verse': '10', 'word_num': 12, 'word': 'good', 'occurrence': 1}]","good",1,"τὸ ἀγαθόν = good",0.1875,3,0,0
"522577","rom","7","18","12",",1505585,",",1300966,1300967,",0,"[{'id': 1505585, 'book_id': 'rom', 'chapter': '7', 'verse': '18', 'word_num': 13, 'word': 'ἀγαθόν', 'occurrence': 1, 'strong': 'G00180', 'lemma': 'ἀγαθός', 'morph': 'Gr,NS,,,,NNS,'}]","ἀγαθόν",1,1,"[{'id': 1300966, 'book_id': 'rom', 'chapter': '7', 'verse': '18', 'word_num': 13, 'word': 'good', 'occurrence': 1}, {'id': 1300967, 'book_id': 'rom', 'chapter': '7', 'verse': '18', 'word_num': 14, 'word': 'thing', 'occurrence': 1}]","good thing",2,"ἀγαθόν = good thing",0.0625,1,0,0
"522589","rom","7","19","1",",1505602,",",1300985,1300986,",0,"[{'id': 1505602, 'book_id': 'rom', 'chapter': '7', 'verse': '19', 'word_num': 5, 'word': 'ἀγαθόν', 'occurrence': 1, 'strong': 'G00180', 'lemma': 'ἀγαθός', 'morph': 'Gr,NS,,,,ANS,'}]","ἀγαθόν",1,1,"[{'id': 1300985, 'book_id': 'rom', 'chapter': '7', 'verse': '19', 'word_num': 1, 'word': 'the', 'occurrence': 1}, {'id': 1300986, 'book_id': 'rom', 'chapter': '7', 'verse': '19', 'word_num': 2, 'word': 'good', 'occurrence': 1}]","the good",2,"ἀγαθόν = the good",0.0625,1,0,0
"523146","rom","8","28","10",",1506180,",",1301838,",0,"[{'id': 1506180, 'book_id': 'rom', 'chapter': '8', 'verse': '28', 'word_num': 12, 'word': 'ἀγαθόν', 'occurrence': 1, 'strong': 'G00180', 'lemma': 'ἀγαθός', 'morph': 'Gr,NS,,,,ANS,'}]","ἀγαθόν",1,0,"[{'id': 1301838, 'book_id': 'rom', 'chapter': '8', 'verse': '28', 'word_num': 15, 'word': 'good', 'occurrence': 1}]","good",1,"ἀγαθόν = good",0.5,8,0,0
"524988","rom","13","4","6",",1508186,1508187,",",1304687,",1,"[{'id': 1508186, 'book_id': 'rom', 'chapter': '13', 'verse': '4', 'word_num': 6, 'word': 'τὸ', 'occurrence': 1, 'strong': 'G35880', 'lemma': 'ὁ', 'morph': 'Gr,EA,,,,ANS,'}, {'id': 1508187, 'book_id': 'rom', 'chapter': '13', 'verse': '4', 'word_num': 7, 'word': 'ἀγαθόν', 'occurrence': 1, 'strong': 'G00180', 'lemma': 'ἀγαθός', 'morph': 'Gr,NS,,,,ANS,'}]","τὸ ἀγαθόν",2,0,"[{'id': 1304687, 'book_id': 'rom', 'chapter': '13', 'verse': '4', 'word_num': 10, 'word': 'good', 'occurrence': 1}]","good",1,"τὸ ἀγαθόν = good",0.1875,3,0,0
"525406","rom","14","16","3",",1508646,1508647,",",1305350,",1,"[{'id': 1508646, 'book_id': 'rom', 'chapter': '14', 'verse': '16', 'word_num': 4, 'word': 'τὸ', 'occurrence': 1, 'strong': 'G35880', 'lemma': 'ὁ', 'morph': 'Gr,EA,,,,ANS,'}, {'id': 1508647, 'book_id': 'rom', 'chapter': '14', 'verse': '16', 'word_num': 5, 'word': 'ἀγαθόν', 'occurrence': 1, 'strong': 'G00180', 'lemma': 'ἀγαθός', 'morph': 'Gr,NS,,,,ANS,'}]","τὸ ἀγαθόν",2,0,"[{'id': 1305350, 'book_id': 'rom', 'chapter': '14', 'verse': '16', 'word_num': 4, 'word': 'what', 'occurrence': 1}]","what",1,"τὸ ἀγαθόν = what",0.0625,1,0,0
"526297","rom","16","19","14",",1509606,",",1306672,",0,"[{'id': 1509606, 'book_id': 'rom', 'chapter': '16', 'verse': '19', 'word_num': 18, 'word': 'ἀγαθόν', 'occurrence': 1, 'strong': 'G00180', 'lemma': 'ἀγαθός', 'morph': 'Gr,NS,,,,ANS,'}]","ἀγαθόν",1,0,"[{'id': 1306672, 'book_id': 'rom', 'chapter': '16', 'verse': '19', 'word_num': 22, 'word': 'good', 'occurrence': 1}]","good",1,"ἀγαθόν = good",0.5,8,0,0
"535826","2co","9","8","19",",1519456,",",1320606,",0,"[{'id': 1519456, 'book_id': '2co', 'chapter': '9', 'verse': '8', 'word_num': 20, 'word': 'ἀγαθόν', 'occurrence': 1, 'strong': 'G00180', 'lemma': 'ἀγαθός', 'morph': 'Gr,AA,,,,ANS,'}]","ἀγαθόν",1,0,"[{'id': 1320606, 'book_id': '2co', 'chapter': '9', 'verse': '8', 'word_num': 26, 'word': 'good', 'occurrence': 1}]","good",1,"ἀγαθόν = good",0.5,8,0,0
"541011","eph","4","28","8",",1524757,1524758,",",1328188,",1,"[{'id': 1524757, 'book_id': 'eph', 'chapter': '4', 'verse': '28', 'word_num': 10, 'word': 'τὸ', 'occurrence': 1, 'strong': 'G35880', 'lemma': 'ὁ', 'morph': 'Gr,EA,,,,ANS,'}, {'id': 1524758, 'book_id': 'eph', 'chapter': '4', 'verse': '28', 'word_num': 11, 'word': 'ἀγαθόν', 'occurrence': 1, 'strong': 'G00180', 'lemma': 'ἀγαθός', 'morph': 'Gr,NS,,,,ANS,'}]","τὸ ἀγαθόν",2,0,"[{'id': 1328188, 'book_id': 'eph', 'chapter': '4', 'verse': '28', 'word_num': 12, 'word': 'good', 'occurrence': 1}]","good",1,"τὸ ἀγαθόν = good",0.1875,3,0,0
"541650","eph","6","8","6",",1525391,",",1328979,",0,"[{'id': 1525391, 'book_id': 'eph', 'chapter': '6', 'verse': '8', 'word_num': 6, 'word': 'ἀγαθόν', 'occurrence': 1, 'strong': 'G00180', 'lemma': 'ἀγαθός', 'morph': 'Gr,NS,,,,ANS,'}]","ἀγαθόν",1,0,"[{'id': 1328979, 'book_id': 'eph', 'chapter': '6', 'verse': '8', 'word_num': 8, 'word': 'good', 'occurrence': 1}]","good",1,"ἀγαθόν = good",0.5,8,0,0
"550834","phm","1","14","11",",1534873,1534874,",",1342070,1342071,",1,"[{'id': 1534873, 'book_id': 'phm', 'chapter': '1', 'verse': '14', 'word_num': 13, 'word': 'τὸ', 'occurrence': 1, 'strong': 'G35880', 'lemma': 'ὁ', 'morph': 'Gr,EA,,,,NNS,'}, {'id': 1534874, 'book_id': 'phm', 'chapter': '1', 'verse': '14', 'word_num': 14, 'word': 'ἀγαθόν', 'occurrence': 1, 'strong': 'G00180', 'lemma': 'ἀγαθός', 'morph': 'Gr,NS,,,,NNS,'}]","τὸ ἀγαθόν",2,1,"[{'id': 1342070, 'book_id': 'phm', 'chapter': '1', 'verse': '14', 'word_num': 16, 'word': 'good', 'occurrence': 1}, {'id': 1342071, 'book_id': 'phm', 'chapter': '1', 'verse': '14', 'word_num': 17, 'word': 'deed', 'occurrence': 1}]","good deed",2,"τὸ ἀγαθόν = good deed",0.0625,1,0,0
"558273","1pe","3","11","6",",1542672,",",1353299,1353300,1353301,",0,"[{'id': 1542672, 'book_id': '1pe', 'chapter': '3', 'verse': '11', 'word_num': 6, 'word': 'ἀγαθόν', 'occurrence': 1, 'strong': 'G00180', 'lemma': 'ἀγαθός', 'morph': 'Gr,NS,,,,ANS,'}]","ἀγαθόν",1,2,"[{'id': 1353299, 'book_id': '1pe', 'chapter': '3', 'verse': '11', 'word_num': 11, 'word': 'what', 'occurrence': 2}, {'id': 1353300, 'book_id': '1pe', 'chapter': '3', 'verse': '11', 'word_num': 12, 'word': 'is', 'occurrence': 2}, {'id': 1353301, 'book_id': '1pe', 'chapter': '3', 'verse': '11', 'word_num': 13, 'word': 'good', 'occurrence': 1}]","what is good",3,"ἀγαθόν = what is good",0.0625,1,0,0
"562216","3jn","1","11","7",",1547009,",",1359167,",0,"[{'id': 1547009, 'book_id': '3jn', 'chapter': '1', 'verse': '11', 'word_num': 7, 'word': 'ἀγαθόν', 'occurrence': 1, 'strong': 'G00180', 'lemma': 'ἀγαθός', 'morph': 'Gr,NS,,,,ANS,'}]","ἀγαθόν",1,0,"[{'id': 1359167, 'book_id': '3jn', 'chapter': '1', 'verse': '11', 'word_num': 10, 'word': 'good', 'occurrence': 1}]","good",1,"ἀγαθόν = good",0.5,8,0,0
"464148","mrk","10","18","8",",1444286,",",1220241,1220242,",0,"[{'id': 1444286, 'book_id': 'mrk', 'chapter': '10', 'verse': '18', 'word_num': 10, 'word': 'ἀγαθὸς', 'occurrence': 1, 'strong': 'G00180', 'lemma': 'ἀγαθός', 'morph': 'Gr,NP,,,,NMS,'}]","ἀγαθὸς",1,1,"[{'id': 1220241, 'book_id': 'mrk', 'chapter': '10', 'verse': '18', 'word_num': 12, 'word': 'is', 'occurrence': 1}, {'id': 1220242, 'book_id': 'mrk', 'chapter': '10', 'verse': '18', 'word_num': 13, 'word': 'good', 'occurrence': 2}]","is good",2,"ἀγαθὸς = is good",0.5,3,0,0
"473239","luk","6","45","1",",1454023,",",1233202,",0,"[{'id': 1454023, 'book_id': 'luk', 'chapter': '6', 'verse': '45', 'word_num': 1, 'word': 'ἀγαθὸς', 'occurrence': 1, 'strong': 'G00180', 'lemma': 'ἀγαθός', 'morph': 'Gr,AA,,,,NMS,'}]","ἀγαθὸς",1,0,"[{'id': 1233202, 'book_id': 'luk', 'chapter': '6', 'verse': '45', 'word_num': 1, 'word': 'good', 'occurrence': 1}]","good",1,"ἀγαθὸς = good",0.5,3,0,0
"482470","luk","18","19","9",",1463406,",",1245784,1245785,",0,"[{'id': 1463406, 'book_id': 'luk', 'chapter': '18', 'verse': '19', 'word_num': 10, 'word': 'ἀγαθὸς', 'occurrence': 1, 'strong': 'G00180', 'lemma': 'ἀγαθός', 'morph': 'Gr,NP,,,,NMS,'}]","ἀγαθὸς",1,1,"[{'id': 1245784, 'book_id': 'luk', 'chapter': '18', 'verse': '19', 'word_num': 13, 'word': 'is', 'occurrence': 1}, {'id': 1245785, 'book_id': 'luk', 'chapter': '18', 'verse': '19', 'word_num': 14, 'word': 'good', 'occurrence': 2}]","is good",2,"ἀγαθὸς = is good",0.5,3,0,0
"486646","luk","23","50","8",",1467624,",",1251526,",0,"[{'id': 1467624, 'book_id': 'luk', 'chapter': '23', 'verse': '50', 'word_num': 8, 'word': 'ἀγαθὸς', 'occurrence': 1, 'strong': 'G00180', 'lemma': 'ἀγαθός', 'morph': 'Gr,AA,,,,NMS,'}]","ἀγαθὸς",1,0,"[{'id': 1251526, 'book_id': 'luk', 'chapter': '23', 'verse': '50', 'word_num': 13, 'word': 'good', 'occurrence': 1}]","good",1,"ἀγαθὸς = good",0.5,3,0,0
"509173","act","11","24","3",",1491608,",",1282049,",0,"[{'id': 1491608, 'book_id': 'act', 'chapter': '11', 'verse': '24', 'word_num': 3, 'word': 'ἀγαθὸς', 'occurrence': 1, 'strong': 'G00180', 'lemma': 'ἀγαθός', 'morph': 'Gr,AA,,,,NMS,'}]","ἀγαθὸς",1,0,"[{'id': 1282049, 'book_id': 'act', 'chapter': '11', 'verse': '24', 'word_num': 4, 'word': 'good', 'occurrence': 1}]","good",1,"ἀγαθὸς = good",0.5,3,0,0
"541032","eph","4","29","11",",1524777,",",1328219,1328220,",0,"[{'id': 1524777, 'book_id': 'eph', 'chapter': '4', 'verse': '29', 'word_num': 12, 'word': 'ἀγαθὸς', 'occurrence': 1, 'strong': 'G00180', 'lemma': 'ἀγαθός', 'morph': 'Gr,NP,,,,NMS,'}]","ἀγαθὸς",1,1,"[{'id': 1328219, 'book_id': 'eph', 'chapter': '4', 'verse': '29', 'word_num': 13, 'word': 'is', 'occurrence': 1}, {'id': 1328220, 'book_id': 'eph', 'chapter': '4', 'verse': '29', 'word_num': 14, 'word': 'good', 'occurrence': 1}]","is good",2,"ἀγαθὸς = is good",0.5,3,0,0
"469212","luk","1","53","2",",1449903,",",1227782,1227783,1227784,",0,"[{'id': 1449903, 'book_id': 'luk', 'chapter': '1', 'verse': '53', 'word_num': 2, 'word': 'ἀγαθῶν', 'occurrence': 1, 'strong': 'G00180', 'lemma': 'ἀγαθός', 'morph': 'Gr,NS,,,,GNP,'}]","ἀγαθῶν",1,2,"[{'id': 1227782, 'book_id': 'luk', 'chapter': '1', 'verse': '53', 'word_num': 5, 'word': 'with', 'occurrence': 1}, {'id': 1227783, 'book_id': 'luk', 'chapter': '1', 'verse': '53', 'word_num': 6, 'word': 'good', 'occurrence': 1}, {'id': 1227784, 'book_id': 'luk', 'chapter': '1', 'verse': '53', 'word_num': 7, 'word': 'things', 'occurrence': 1}]","with good things",3,"ἀγαθῶν = with good things",0.16666666666666666,1,0,0
"507815","act","9","36","17",",1490209,",",1280218,",0,"[{'id': 1490209, 'book_id': 'act', 'chapter': '9', 'verse': '36', 'word_num': 16, 'word': 'ἀγαθῶν', 'occurrence': 1, 'strong': 'G00180', 'lemma': 'ἀγαθός', 'morph': 'Gr,AA,,,,GNP,'}]","ἀγαθῶν",1,0,"[{'id': 1280218, 'book_id': 'act', 'chapter': '9', 'verse': '36', 'word_num': 19, 'word': 'good', 'occurrence': 1}]","good",1,"ἀγαθῶν = good",0.5,3,0,0
"547587","1ti","2","10","7",",1531633,",",1337489,",0,"[{'id': 1531633, 'book_id': '1ti', 'chapter': '2', 'verse': '10', 'word_num': 8, 'word': 'ἀγαθῶν', 'occurrence': 1, 'strong': 'G00180', 'lemma': 'ἀγαθός', 'morph': 'Gr,AA,,,,GNP,'}]","ἀγαθῶν",1,0,"[{'id': 1337489, 'book_id': '1ti', 'chapter': '2', 'verse': '10', 'word_num': 10, 'word': 'good', 'occurrence': 1}]","good",1,"ἀγαθῶν = good",0.5,3,0,0
"553428","heb","9","11","5",",1537601,",",1345947,1345948,",0,"[{'id': 1537601, 'book_id': 'heb', 'chapter': '9', 'verse': '11', 'word_num': 6, 'word': 'ἀγαθῶν', 'occurrence': 1, 'strong': 'G00180', 'lemma': 'ἀγαθός', 'morph': 'Gr,NS,,,,GNP,'}]","ἀγαθῶν",1,1,"[{'id': 1345947, 'book_id': 'heb', 'chapter': '9', 'verse': '11', 'word_num': 9, 'word': 'good', 'occurrence': 1}, {'id': 1345948, 'book_id': 'heb', 'chapter': '9', 'verse': '11', 'word_num': 10, 'word': 'things', 'occurrence': 1}]","good things",2,"ἀγαθῶν = good things",0.3333333333333333,2,0,0
"553753","heb","10","1","6",",1537933,",",1346458,1346459,",0,"[{'id': 1537933, 'book_id': 'heb', 'chapter': '10', 'verse': '1', 'word_num': 7, 'word': 'ἀγαθῶν', 'occurrence': 1, 'strong': 'G00180', 'lemma': 'ἀγαθός', 'morph': 'Gr,NS,,,,GNP,'}]","ἀγαθῶν",1,1,"[{'id': 1346458, 'book_id': 'heb', 'chapter': '10', 'verse': '1', 'word_num': 9, 'word': 'good', 'occurrence': 1}, {'id': 1346459, 'book_id': 'heb', 'chapter': '10', 'verse': '1', 'word_num': 10, 'word': 'things', 'occurrence': 1}]","good things",2,"ἀγαθῶν = good things",0.3333333333333333,2,0,0
"556725","jas","3","17","14",",1541064,",",1350927,",0,"[{'id': 1541064, 'book_id': 'jas', 'chapter': '3', 'verse': '17', 'word_num': 16, 'word': 'ἀγαθῶν', 'occurrence': 1, 'strong': 'G00180', 'lemma': 'ἀγαθός', 'morph': 'Gr,AA,,,,GMP,'}]","ἀγαθῶν",1,0,"[{'id': 1350927, 'book_id': 'jas', 'chapter': '3', 'verse': '17', 'word_num': 17, 'word': 'good', 'occurrence': 1}]","good",1,"ἀγαθῶν = good",0.5,3,0,0
"473243","luk","6","45","5",",1454027,",",1233206,",0,"[{'id': 1454027, 'book_id': 'luk', 'chapter': '6', 'verse': '45', 'word_num': 5, 'word': 'ἀγαθοῦ', 'occurrence': 1, 'strong': 'G00180', 'lemma': 'ἀγαθός', 'morph': 'Gr,AA,,,,GMS,'}]","ἀγαθοῦ",1,0,"[{'id': 1233206, 'book_id': 'luk', 'chapter': '6', 'verse': '45', 'word_num': 5, 'word': 'good', 'occurrence': 2}]","good",1,"ἀγαθοῦ = good",0.5,3,0,0
"520499","rom","2","7","4",",1503284,",",1297728,",0,"[{'id': 1503284, 'book_id': 'rom', 'chapter': '2', 'verse': '7', 'word_num': 5, 'word': 'ἀγαθοῦ', 'occurrence': 1, 'strong': 'G00180', 'lemma': 'ἀγαθός', 'morph': 'Gr,AA,,,,GNS,'}]","ἀγαθοῦ",1,0,"[{'id': 1297728, 'book_id': 'rom', 'chapter': '2', 'verse': '7', 'word_num': 6, 'word': 'good', 'occurrence': 1}]","good",1,"ἀγαθοῦ = good",0.5,3,0,0
"521639","rom","5","7","13",",1504552,1504553,",",1299547,1299548,1299549,",1,"[{'id': 1504552, 'book_id': 'rom', 'chapter': '5', 'verse': '7', 'word_num': 8, 'word': 'τοῦ', 'occurrence': 1, 'strong': 'G35880', 'lemma': 'ὁ', 'morph': 'Gr,EA,,,,GMS,'}, {'id': 1504553, 'book_id': 'rom', 'chapter': '5', 'verse': '7', 'word_num': 9, 'word': 'ἀγαθοῦ', 'occurrence': 1, 'strong': 'G00180', 'lemma': 'ἀγαθός', 'morph': 'Gr,NS,,,,GMS,'}]","τοῦ ἀγαθοῦ",2,2,"[{'id': 1299547, 'book_id': 'rom', 'chapter': '5', 'verse': '7', 'word_num': 17, 'word': 'a', 'occurrence': 2}, {'id': 1299548, 'book_id': 'rom', 'chapter': '5', 'verse': '7', 'word_num': 18, 'word': 'good', 'occurrence': 1}, {'id': 1299549, 'book_id': 'rom', 'chapter': '5', 'verse': '7', 'word_num': 19, 'word': 'person', 'occurrence': 1}]","a good person",3,"τοῦ ἀγαθοῦ = a good person",0.16666666666666666,1,0,0
"522495","rom","7","13","15",",1505503,",",1300846,1300847,",0,"[{'id': 1505503, 'book_id': 'rom', 'chapter': '7', 'verse': '13', 'word_num': 16, 'word': 'ἀγαθοῦ', 'occurrence': 1, 'strong': 'G00180', 'lemma': 'ἀγαθός', 'morph': 'Gr,NS,,,,GNS,'}]","ἀγαθοῦ",1,1,"[{'id': 1300846, 'book_id': 'rom', 'chapter': '7', 'verse': '13', 'word_num': 27, 'word': 'is', 'occurrence': 2}, {'id': 1300847, 'book_id': 'rom', 'chapter': '7', 'verse': '13', 'word_num': 28, 'word': 'good', 'occurrence': 2}]","is good",2,"ἀγαθοῦ = is good",0.16666666666666666,1,0,0
"550730","phm","1","6","11",",1534761,",",1341907,",0,"[{'id': 1534761, 'book_id': 'phm', 'chapter': '1', 'verse': '6', 'word_num': 11, 'word': 'ἀγαθοῦ', 'occurrence': 1, 'strong': 'G00180', 'lemma': 'ἀγαθός', 'morph': 'Gr,NS,,,,GNS,'}]","ἀγαθοῦ",1,0,"[{'id': 1341907, 'book_id': 'phm', 'chapter': '1', 'verse': '6', 'word_num': 16, 'word': 'good', 'occurrence': 1}]","good",1,"ἀγαθοῦ = good",0.5,3,0,0
"558300","1pe","3","13","6",",1542701,1542702,",",1353347,1353348,1353349,1353350,1353351,",1,"[{'id': 1542701, 'book_id': '1pe', 'chapter': '3', 'verse': '13', 'word_num': 6, 'word': 'τοῦ', 'occurrence': 1, 'strong': 'G35880', 'lemma': 'ὁ', 'morph': 'Gr,EA,,,,GNS,'}, {'id': 1542702, 'book_id': '1pe', 'chapter': '3', 'verse': '13', 'word_num': 7, 'word': 'ἀγαθοῦ', 'occurrence': 1, 'strong': 'G00180', 'lemma': 'ἀγαθός', 'morph': 'Gr,NS,,,,GNS,'}]","τοῦ ἀγαθοῦ",2,4,"[{'id': 1353347, 'book_id': '1pe', 'chapter': '3', 'verse': '13', 'word_num': 12, 'word': 'to', 'occurrence': 1}, {'id': 1353348, 'book_id': '1pe', 'chapter': '3', 'verse': '13', 'word_num': 13, 'word': 'do', 'occurrence': 1}, {'id': 1353349, 'book_id': '1pe', 'chapter': '3', 'verse': '13', 'word_num': 14, 'word': 'what', 'occurrence': 1}, {'id': 1353350, 'book_id': '1pe', 'chapter': '3', 'verse': '13', 'word_num': 15, 'word': 'is', 'occurrence': 2}, {'id': 1353351, 'book_id': '1pe', 'chapter': '3', 'verse': '13', 'word_num': 16, 'word': 'good', 'occurrence': 1}]","to do what is good",5,"τοῦ ἀγαθοῦ = to do what is good",0.16666666666666666,1,0,0
"474374","luk","8","8","5",",1455172,1455173,",",1234774,",1,"[{'id': 1455172, 'book_id': 'luk', 'chapter': '8', 'verse': '8', 'word_num': 6, 'word': 'τὴν', 'occurrence': 2, 'strong': 'G35880', 'lemma': 'ὁ', 'morph': 'Gr,EA,,,,AFS,'}, {'id': 1455173, 'book_id': 'luk', 'chapter': '8', 'verse': '8', 'word_num': 7, 'word': 'ἀγαθήν', 'occurrence': 1, 'strong': 'G00180', 'lemma': 'ἀγαθός', 'morph': 'Gr,AR,,,,AFS,'}]","τὴν ἀγαθήν",2,0,"[{'id': 1234774, 'book_id': 'luk', 'chapter': '8', 'verse': '8', 'word_num': 6, 'word': 'good', 'occurrence': 1}]","good",1,"τὴν ἀγαθήν = good",0.3333333333333333,1,0,0
"550342","tit","2","10","5",",1534371,",",1341387,",0,"[{'id': 1534371, 'book_id': 'tit', 'chapter': '2', 'verse': '10', 'word_num': 6, 'word': 'ἀγαθήν', 'occurrence': 1, 'strong': 'G00180', 'lemma': 'ἀγαθός', 'morph': 'Gr,NS,,,,AFS,'}]","ἀγαθήν",1,0,"[{'id': 1341387, 'book_id': 'tit', 'chapter': '2', 'verse': '10', 'word_num': 8, 'word': 'good', 'occurrence': 1}]","good",1,"ἀγαθήν = good",0.6666666666666666,2,0,0
"558344","1pe","3","16","7",",1542750,",",1353414,",0,"[{'id': 1542750, 'book_id': '1pe', 'chapter': '3', 'verse': '16', 'word_num': 7, 'word': 'ἀγαθήν', 'occurrence': 1, 'strong': 'G00180', 'lemma': 'ἀγαθός', 'morph': 'Gr,NS,,,,AFS,'}]","ἀγαθήν",1,0,"[{'id': 1353414, 'book_id': '1pe', 'chapter': '3', 'verse': '16', 'word_num': 9, 'word': 'good', 'occurrence': 1}]","good",1,"ἀγαθήν = good",0.6666666666666666,2,0,0
"474532","luk","8","15","16",",1455323,",",1234991,",0,"[{'id': 1455323, 'book_id': 'luk', 'chapter': '8', 'verse': '15', 'word_num': 13, 'word': 'ἀγαθῇ', 'occurrence': 1, 'strong': 'G00180', 'lemma': 'ἀγαθός', 'morph': 'Gr,AA,,,,DFS,'}]","ἀγαθῇ",1,0,"[{'id': 1234991, 'book_id': 'luk', 'chapter': '8', 'verse': '15', 'word_num': 20, 'word': 'good', 'occurrence': 2}]","good",1,"ἀγαθῇ = good",1.0,2,0,0
"516367","act","23","1","14",",1499024,",",1291825,",0,"[{'id': 1499024, 'book_id': 'act', 'chapter': '23', 'verse': '1', 'word_num': 12, 'word': 'ἀγαθῇ', 'occurrence': 1, 'strong': 'G00180', 'lemma': 'ἀγαθός', 'morph': 'Gr,AA,,,,DFS,'}]","ἀγαθῇ",1,0,"[{'id': 1291825, 'book_id': 'act', 'chapter': '23', 'verse': '1', 'word_num': 22, 'word': 'good', 'occurrence': 1}]","good",1,"ἀγαθῇ = good",1.0,2,0,0
"477190","luk","10","42","8",",1458045,",",1238516,",0,"[{'id': 1458045, 'book_id': 'luk', 'chapter': '10', 'verse': '42', 'word_num': 7, 'word': 'ἀγαθὴν', 'occurrence': 1, 'strong': 'G00180', 'lemma': 'ἀγαθός', 'morph': 'Gr,AA,,,,AFS,'}]","ἀγαθὴν",1,0,"[{'id': 1238516, 'book_id': 'luk', 'chapter': '10', 'verse': '42', 'word_num': 11, 'word': 'good', 'occurrence': 1}]","good",1,"ἀγαθὴν = good",0.8,4,0,0
"545629","1th","3","6","21",",1529603,",",1334732,",0,"[{'id': 1529603, 'book_id': '1th', 'chapter': '3', 'verse': '6', 'word_num': 22, 'word': 'ἀγαθὴν', 'occurrence': 1, 'strong': 'G00180', 'lemma': 'ἀγαθός', 'morph': 'Gr,NS,,,,AFS,'}]","ἀγαθὴν",1,0,"[{'id': 1334732, 'book_id': '1th', 'chapter': '3', 'verse': '6', 'word_num': 27, 'word': 'good', 'occurrence': 2}]","good",1,"ἀγαθὴν = good",0.8,4,0,0
"546860","2th","2","16","17",",1530903,",",1336456,",0,"[{'id': 1530903, 'book_id': '2th', 'chapter': '2', 'verse': '16', 'word_num': 22, 'word': 'ἀγαθὴν', 'occurrence': 1, 'strong': 'G00180', 'lemma': 'ἀγαθός', 'morph': 'Gr,AA,,,,AFS,'}]","ἀγαθὴν",1,0,"[{'id': 1336456, 'book_id': '2th', 'chapter': '2', 'verse': '16', 'word_num': 20, 'word': 'good', 'occurrence': 1}]","good",1,"ἀγαθὴν = good",0.8,4,0,0
"547432","1ti","1","19","4",",1531476,",",1337271,",0,"[{'id': 1531476, 'book_id': '1ti', 'chapter': '1', 'verse': '19', 'word_num': 3, 'word': 'ἀγαθὴν', 'occurrence': 1, 'strong': 'G00180', 'lemma': 'ἀγαθός', 'morph': 'Gr,AA,,,,AFS,'}]","ἀγαθὴν",1,0,"[{'id': 1337271, 'book_id': '1ti', 'chapter': '1', 'verse': '19', 'word_num': 4, 'word': 'good', 'occurrence': 1}]","good",1,"ἀγαθὴν = good",0.8,4,0,0
"558350","1pe","3","16","13",",1542759,1542760,",",1353426,",1,"[{'id': 1542759, 'book_id': '1pe', 'chapter': '3', 'verse': '16', 'word_num': 16, 'word': 'τὴν', 'occurrence': 1, 'strong': 'G35880', 'lemma': 'ὁ', 'morph': 'Gr,EA,,,,AFS,'}, {'id': 1542760, 'book_id': '1pe', 'chapter': '3', 'verse': '16', 'word_num': 17, 'word': 'ἀγαθὴν', 'occurrence': 1, 'strong': 'G00180', 'lemma': 'ἀγαθός', 'morph': 'Gr,NS,,,,AFS,'}]","τὴν ἀγαθὴν",2,0,"[{'id': 1353426, 'book_id': '1pe', 'chapter': '3', 'verse': '16', 'word_num': 21, 'word': 'good', 'occurrence': 2}]","good",1,"τὴν ἀγαθὴν = good",0.2,1,0,0
"477409","luk","11","13","7",",1458270,",",1238836,",0,"[{'id': 1458270, 'book_id': 'luk', 'chapter': '11', 'verse': '13', 'word_num': 7, 'word': 'ἀγαθὰ', 'occurrence': 1, 'strong': 'G00180', 'lemma': 'ἀγαθός', 'morph': 'Gr,AA,,,,ANP,'}]","ἀγαθὰ",1,0,"[{'id': 1238836, 'book_id': 'luk', 'chapter': '11', 'verse': '13', 'word_num': 10, 'word': 'good', 'occurrence': 1}]","good",1,"ἀγαθὰ = good",0.3333333333333333,1,0,0
"478489","luk","12","19","8",",1459369,",",1240296,",0,"[{'id': 1459369, 'book_id': 'luk', 'chapter': '12', 'verse': '19', 'word_num': 8, 'word': 'ἀγαθὰ', 'occurrence': 1, 'strong': 'G00180', 'lemma': 'ἀγαθός', 'morph': 'Gr,NS,,,,ANP,'}]","ἀγαθὰ",1,0,"[{'id': 1240296, 'book_id': 'luk', 'chapter': '12', 'verse': '19', 'word_num': 11, 'word': 'goods', 'occurrence': 1}]","goods",1,"ἀγαθὰ = goods",0.3333333333333333,1,0,0
"490613","jhn","5","29","4",",1471894,1471895,",",1256825,",1,"[{'id': 1471894, 'book_id': 'jhn', 'chapter': '5', 'verse': '29', 'word_num': 3, 'word': 'τὰ', 'occurrence': 1, 'strong': 'G35880', 'lemma': 'ὁ', 'morph': 'Gr,EA,,,,ANP,'}, {'id': 1471895, 'book_id': 'jhn', 'chapter': '5', 'verse': '29', 'word_num': 4, 'word': 'ἀγαθὰ', 'occurrence': 1, 'strong': 'G00180', 'lemma': 'ἀγαθός', 'morph': 'Gr,NS,,,,ANP,'}]","τὰ ἀγαθὰ",2,0,"[{'id': 1256825, 'book_id': 'jhn', 'chapter': '5', 'verse': '29', 'word_num': 8, 'word': 'good', 'occurrence': 1}]","good",1,"τὰ ἀγαθὰ = good",0.3333333333333333,1,0,0
"478480","luk","12","18","18",",1459358,1459359,",",1240283,1240284,",1,"[{'id': 1459358, 'book_id': 'luk', 'chapter': '12', 'verse': '18', 'word_num': 18, 'word': 'τὰ', 'occurrence': 1, 'strong': 'G35880', 'lemma': 'ὁ', 'morph': 'Gr,EA,,,,ANP,'}, {'id': 1459359, 'book_id': 'luk', 'chapter': '12', 'verse': '18', 'word_num': 19, 'word': 'ἀγαθά', 'occurrence': 1, 'strong': 'G00180', 'lemma': 'ἀγαθός', 'morph': 'Gr,NS,,,,ANP,'}]","τὰ ἀγαθά",2,1,"[{'id': 1240283, 'book_id': 'luk', 'chapter': '12', 'verse': '18', 'word_num': 27, 'word': 'other', 'occurrence': 1}, {'id': 1240284, 'book_id': 'luk', 'chapter': '12', 'verse': '18', 'word_num': 28, 'word': 'goods', 'occurrence': 1}]","other goods",2,"τὰ ἀγαθά = other goods",0.25,1,0,0
"481459","luk","16","25","11",",1462379,1462380,",",1244378,1244379,",1,"[{'id': 1462379, 'book_id': 'luk', 'chapter': '16', 'verse': '25', 'word_num': 7, 'word': 'τὰ', 'occurrence': 1, 'strong': 'G35880', 'lemma': 'ὁ', 'morph': 'Gr,EA,,,,ANP,'}, {'id': 1462380, 'book_id': 'luk', 'chapter': '16', 'verse': '25', 'word_num': 8, 'word': 'ἀγαθά', 'occurrence': 1, 'strong': 'G00180', 'lemma': 'ἀγαθός', 'morph': 'Gr,NS,,,,ANP,'}]","τὰ ἀγαθά",2,1,"[{'id': 1244378, 'book_id': 'luk', 'chapter': '16', 'verse': '25', 'word_num': 12, 'word': 'good', 'occurrence': 1}, {'id': 1244379, 'book_id': 'luk', 'chapter': '16', 'verse': '25', 'word_num': 13, 'word': 'things', 'occurrence': 1}]","good things",2,"τὰ ἀγαθά = good things",0.25,1,0,0
"520915","rom","3","8","12",",1503753,1503754,",",1298414,",1,"[{'id': 1503753, 'book_id': 'rom', 'chapter': '3', 'verse': '8', 'word_num': 16, 'word': 'τὰ', 'occurrence': 2, 'strong': 'G35880', 'lemma': 'ὁ', 'morph': 'Gr,EA,,,,NNP,'}, {'id': 1503754, 'book_id': 'rom', 'chapter': '3', 'verse': '8', 'word_num': 17, 'word': 'ἀγαθά', 'occurrence': 1, 'strong': 'G00180', 'lemma': 'ἀγαθός', 'morph': 'Gr,NS,,,,NNP,'}]","τὰ ἀγαθά",2,0,"[{'id': 1298414, 'book_id': 'rom', 'chapter': '3', 'verse': '8', 'word_num': 23, 'word': 'good', 'occurrence': 1}]","good",1,"τὰ ἀγαθά = good",0.25,1,0,0
"524032","rom","10","15","13",",1507131,",",1303192,",0,"[{'id': 1507131, 'book_id': 'rom', 'chapter': '10', 'verse': '15', 'word_num': 15, 'word': 'ἀγαθά', 'occurrence': 1, 'strong': 'G00180', 'lemma': 'ἀγαθός', 'morph': 'Gr,NS,,,,ANP,'}]","ἀγαθά",1,0,"[{'id': 1303192, 'book_id': 'rom', 'chapter': '10', 'verse': '15', 'word_num': 23, 'word': 'gospel', 'occurrence': 1}]","gospel",1,"ἀγαθά = gospel",0.25,1,0,0
"483056","luk","19","17","4",",1464012,",",1246641,",0,"[{'id': 1464012, 'book_id': 'luk', 'chapter': '19', 'verse': '17', 'word_num': 4, 'word': 'ἀγαθὲ', 'occurrence': 1, 'strong': 'G00180', 'lemma': 'ἀγαθός', 'morph': 'Gr,AA,,,,VMS,'}]","ἀγαθὲ",1,0,"[{'id': 1246641, 'book_id': 'luk', 'chapter': '19', 'verse': '17', 'word_num': 7, 'word': 'good', 'occurrence': 1}]","good",1,"ἀγαθὲ = good",1.0,1,0,0
"488204","jhn","1","46","6",",1469248,",",1253591,1253592,",0,"[{'id': 1469248, 'book_id': 'jhn', 'chapter': '1', 'verse': '46', 'word_num': 8, 'word': 'ἀγαθὸν', 'occurrence': 1, 'strong': 'G00180', 'lemma': 'ἀγαθός', 'morph': 'Gr,NS,,,,NNS,'}]","ἀγαθὸν",1,1,"[{'id': 1253591, 'book_id': 'jhn', 'chapter': '1', 'verse': '46', 'word_num': 7, 'word': 'good', 'occurrence': 1}, {'id': 1253592, 'book_id': 'jhn', 'chapter': '1', 'verse': '46', 'word_num': 8, 'word': 'thing', 'occurrence': 1}]","good thing",2,"ἀγαθὸν = good thing",0.07142857142857142,1,0,0
"522483","rom","7","13","3",",1505489,",",1300822,1300823,",0,"[{'id': 1505489, 'book_id': 'rom', 'chapter': '7', 'verse': '13', 'word_num': 2, 'word': 'ἀγαθὸν', 'occurrence': 1, 'strong': 'G00180', 'lemma': 'ἀγαθός', 'morph': 'Gr,NS,,,,NNS,'}]","ἀγαθὸν",1,1,"[{'id': 1300822, 'book_id': 'rom', 'chapter': '7', 'verse': '13', 'word_num': 3, 'word': 'is', 'occurrence': 1}, {'id': 1300823, 'book_id': 'rom', 'chapter': '7', 'verse': '13', 'word_num': 4, 'word': 'good', 'occurrence': 1}]","is good",2,"ἀγαθὸν = is good",0.14285714285714285,2,0,0
"523492","rom","9","11","9",",1506540,",",1302345,",0,"[{'id': 1506540, 'book_id': 'rom', 'chapter': '9', 'verse': '11', 'word_num': 6, 'word': 'ἀγαθὸν', 'occurrence': 1, 'strong': 'G00180', 'lemma': 'ἀγαθός', 'morph': 'Gr,NS,,,,ANS,'}]","ἀγαθὸν",1,0,"[{'id': 1302345, 'book_id': 'rom', 'chapter': '9', 'verse': '11', 'word_num': 13, 'word': 'good', 'occurrence': 1}]","good",1,"ἀγαθὸν = good",0.5714285714285714,8,0,0
"524699","rom","12","2","16",",1507858,1507859,",",1304236,",1,"[{'id': 1507858, 'book_id': 'rom', 'chapter': '12', 'verse': '2', 'word_num': 21, 'word': 'τὸ', 'occurrence': 3, 'strong': 'G35880', 'lemma': 'ὁ', 'morph': 'Gr,EA,,,,NNS,'}, {'id': 1507859, 'book_id': 'rom', 'chapter': '12', 'verse': '2', 'word_num': 22, 'word': 'ἀγαθὸν', 'occurrence': 1, 'strong': 'G00180', 'lemma': 'ἀγαθός', 'morph': 'Gr,AR,,,,NNS,'}]","τὸ ἀγαθὸν",2,0,"[{'id': 1304236, 'book_id': 'rom', 'chapter': '12', 'verse': '2', 'word_num': 25, 'word': 'good', 'occurrence': 1}]","good",1,"τὸ ἀγαθὸν = good",0.14285714285714285,2,0,0
"524977","rom","13","3","13",",1508172,1508173,",",1304668,1304669,1304670,",1,"[{'id': 1508172, 'book_id': 'rom', 'chapter': '13', 'verse': '3', 'word_num': 18, 'word': 'τὸ', 'occurrence': 1, 'strong': 'G35880', 'lemma': 'ὁ', 'morph': 'Gr,EA,,,,ANS,'}, {'id': 1508173, 'book_id': 'rom', 'chapter': '13', 'verse': '3', 'word_num': 19, 'word': 'ἀγαθὸν', 'occurrence': 1, 'strong': 'G00180', 'lemma': 'ἀγαθός', 'morph': 'Gr,NS,,,,ANS,'}]","τὸ ἀγαθὸν",2,2,"[{'id': 1304668, 'book_id': 'rom', 'chapter': '13', 'verse': '3', 'word_num': 26, 'word': 'what', 'occurrence': 1}, {'id': 1304669, 'book_id': 'rom', 'chapter': '13', 'verse': '3', 'word_num': 27, 'word': 'is', 'occurrence': 1}, {'id': 1304670, 'book_id': 'rom', 'chapter': '13', 'verse': '3', 'word_num': 28, 'word': 'good', 'occurrence': 2}]","what is good",3,"τὸ ἀγαθὸν = what is good",0.07142857142857142,1,0,0
"525538","rom","15","2","8",",1508789,",",1305548,1305549,",0,"[{'id': 1508789, 'book_id': 'rom', 'chapter': '15', 'verse': '2', 'word_num': 7, 'word': 'ἀγαθὸν', 'occurrence': 1, 'strong': 'G00180', 'lemma': 'ἀγαθός', 'morph': 'Gr,NS,,,,ANS,'}]","ἀγαθὸν",1,1,"[{'id': 1305548, 'book_id': 'rom', 'chapter': '15', 'verse': '2', 'word_num': 11, 'word': 'is', 'occurrence': 1}, {'id': 1305549, 'book_id': 'rom', 'chapter': '15', 'verse': '2', 'word_num': 12, 'word': 'good', 'occurrence': 1}]","is good",2,"ἀγαθὸν = is good",0.14285714285714285,2,0,0
"534512","2co","5","10","20",",1518101,",",1318683,",0,"[{'id': 1518101, 'book_id': '2co', 'chapter': '5', 'verse': '10', 'word_num': 22, 'word': 'ἀγαθὸν', 'occurrence': 1, 'strong': 'G00180', 'lemma': 'ἀγαθός', 'morph': 'Gr,NS,,,,ANS,'}]","ἀγαθὸν",1,0,"[{'id': 1318683, 'book_id': '2co', 'chapter': '5', 'verse': '10', 'word_num': 30, 'word': 'good', 'occurrence': 1}]","good",1,"ἀγαθὸν = good",0.5714285714285714,8,0,0
"539398","gal","6","10","6",",1523132,1523133,",",1326072,",1,"[{'id': 1523132, 'book_id': 'gal', 'chapter': '6', 'verse': '10', 'word_num': 6, 'word': 'τὸ', 'occurrence': 1, 'strong': 'G35880', 'lemma': 'ὁ', 'morph': 'Gr,EA,,,,ANS,'}, {'id': 1523133, 'book_id': 'gal', 'chapter': '6', 'verse': '10', 'word_num': 7, 'word': 'ἀγαθὸν', 'occurrence': 1, 'strong': 'G00180', 'lemma': 'ἀγαθός', 'morph': 'Gr,NS,,,,ANS,'}]","τὸ ἀγαθὸν",2,0,"[{'id': 1326072, 'book_id': 'gal', 'chapter': '6', 'verse': '10', 'word_num': 10, 'word': 'good', 'occurrence': 1}]","good",1,"τὸ ἀγαθὸν = good",0.14285714285714285,2,0,0
"542004","php","1","6","7",",1525760,",",1329439,",0,"[{'id': 1525760, 'book_id': 'php', 'chapter': '1', 'verse': '6', 'word_num': 9, 'word': 'ἀγαθὸν', 'occurrence': 1, 'strong': 'G00180', 'lemma': 'ἀγαθός', 'morph': 'Gr,AA,,,,ANS,'}]","ἀγαθὸν",1,0,"[{'id': 1329439, 'book_id': 'php', 'chapter': '1', 'verse': '6', 'word_num': 12, 'word': 'good', 'occurrence': 1}]","good",1,"ἀγαθὸν = good",0.5714285714285714,8,0,0
"546250","1th","5","15","12",",1530262,",",1335601,",0,"[{'id': 1530262, 'book_id': '1th', 'chapter': '5', 'verse': '15', 'word_num': 11, 'word': 'ἀγαθὸν', 'occurrence': 1, 'strong': 'G00180', 'lemma': 'ἀγαθός', 'morph': 'Gr,NS,,,,ANS,'}]","ἀγαθὸν",1,0,"[{'id': 1335601, 'book_id': '1th', 'chapter': '5', 'verse': '15', 'word_num': 16, 'word': 'good', 'occurrence': 1}]","good",1,"ἀγαθὸν = good",0.5714285714285714,8,0,0
"549375","2ti","2","21","20",",1533385,",",1340002,",0,"[{'id': 1533385, 'book_id': '2ti', 'chapter': '2', 'verse': '21', 'word_num': 18, 'word': 'ἀγαθὸν', 'occurrence': 1, 'strong': 'G00180', 'lemma': 'ἀγαθός', 'morph': 'Gr,AA,,,,ANS,'}]","ἀγαθὸν",1,0,"[{'id': 1340002, 'book_id': '2ti', 'chapter': '2', 'verse': '21', 'word_num': 28, 'word': 'good', 'occurrence': 1}]","good",1,"ἀγαθὸν = good",0.5714285714285714,8,0,0
"549670","2ti","3","17","10",",1533691,",",1340428,",0,"[{'id': 1533691, 'book_id': '2ti', 'chapter': '3', 'verse': '17', 'word_num': 10, 'word': 'ἀγαθὸν', 'occurrence': 1, 'strong': 'G00180', 'lemma': 'ἀγαθός', 'morph': 'Gr,AA,,,,ANS,'}]","ἀγαθὸν",1,0,"[{'id': 1340428, 'book_id': '2ti', 'chapter': '3', 'verse': '17', 'word_num': 12, 'word': 'good', 'occurrence': 1}]","good",1,"ἀγαθὸν = good",0.5714285714285714,8,0,0
"550235","tit","1","16","16",",1534268,",",1341217,",0,"[{'id': 1534268, 'book_id': 'tit', 'chapter': '1', 'verse': '16', 'word_num': 15, 'word': 'ἀγαθὸν', 'occurrence': 1, 'strong': 'G00180', 'lemma': 'ἀγαθός', 'morph': 'Gr,AA,,,,ANS,'}]","ἀγαθὸν",1,0,"[{'id': 1341217, 'book_id': 'tit', 'chapter': '1', 'verse': '16', 'word_num': 21, 'word': 'good', 'occurrence': 1}]","good",1,"ἀγαθὸν = good",0.5714285714285714,8,0,0
"550444","tit","3","1","10",",1534468,",",1341522,",0,"[{'id': 1534468, 'book_id': 'tit', 'chapter': '3', 'verse': '1', 'word_num': 9, 'word': 'ἀγαθὸν', 'occurrence': 1, 'strong': 'G00180', 'lemma': 'ἀγαθός', 'morph': 'Gr,AA,,,,ANS,'}]","ἀγαθὸν",1,0,"[{'id': 1341522, 'book_id': 'tit', 'chapter': '3', 'verse': '1', 'word_num': 16, 'word': 'good', 'occurrence': 1}]","good",1,"ἀγαθὸν = good",0.5714285714285714,8,0,0
"492205","jhn","7","12","11",",1473628,1473629,",",1258941,1258942,1258943,",1,"[{'id': 1473628, 'book_id': 'jhn', 'chapter': '7', 'verse': '12', 'word_num': 12, 'word': 'ὅτι', 'occurrence': 1, 'strong': 'G37540', 'lemma': 'ὅτι', 'morph': 'Gr,CS,,,,,,,,'}, {'id': 1473629, 'book_id': 'jhn', 'chapter': '7', 'verse': '12', 'word_num': 13, 'word': 'ἀγαθός', 'occurrence': 1, 'strong': 'G00180', 'lemma': 'ἀγαθός', 'morph': 'Gr,NP,,,,NMS,'}]","ὅτι ἀγαθός",2,2,"[{'id': 1258941, 'book_id': 'jhn', 'chapter': '7', 'verse': '12', 'word_num': 13, 'word': 'a', 'occurrence': 1}, {'id': 1258942, 'book_id': 'jhn', 'chapter': '7', 'verse': '12', 'word_num': 14, 'word': 'good', 'occurrence': 1}, {'id': 1258943, 'book_id': 'jhn', 'chapter': '7', 'verse': '12', 'word_num': 15, 'word': 'man', 'occurrence': 1}]","a good man",3,"ὅτι ἀγαθός = a good man",1.0,1,0,0
"522479","rom","7","12","11",",1505486,",",1300818,",0,"[{'id': 1505486, 'book_id': 'rom', 'chapter': '7', 'verse': '12', 'word_num': 12, 'word': 'ἀγαθή', 'occurrence': 1, 'strong': 'G00180', 'lemma': 'ἀγαθός', 'morph': 'Gr,NS,,,,NFS,'}]","ἀγαθή",1,0,"[{'id': 1300818, 'book_id': 'rom', 'chapter': '7', 'verse': '12', 'word_num': 13, 'word': 'good', 'occurrence': 1}]","good",1,"ἀγαθή = good",1.0,1,0,0
"524809","rom","12","9","8",",1507980,",",1304394,1304395,",0,"[{'id': 1507980, 'book_id': 'rom', 'chapter': '12', 'verse': '9', 'word_num': 8, 'word': 'ἀγαθῷ', 'occurrence': 1, 'strong': 'G00180', 'lemma': 'ἀγαθός', 'morph': 'Gr,NS,,,,DNS,'}]","ἀγαθῷ",1,1,"[{'id': 1304394, 'book_id': 'rom', 'chapter': '12', 'verse': '9', 'word_num': 14, 'word': 'is', 'occurrence': 2}, {'id': 1304395, 'book_id': 'rom', 'chapter': '12', 'verse': '9', 'word_num': 15, 'word': 'good', 'occurrence': 1}]","is good",2,"ἀγαθῷ = is good",0.14285714285714285,1,0,0
"524931","rom","12","21","8",",1508114,1508115,",",1304593,",1,"[{'id': 1508114, 'book_id': 'rom', 'chapter': '12', 'verse': '21', 'word_num': 8, 'word': 'τῷ', 'occurrence': 1, 'strong': 'G35880', 'lemma': 'ὁ', 'morph': 'Gr,EA,,,,DNS,'}, {'id': 1508115, 'book_id': 'rom', 'chapter': '12', 'verse': '21', 'word_num': 9, 'word': 'ἀγαθῷ', 'occurrence': 1, 'strong': 'G00180', 'lemma': 'ἀγαθός', 'morph': 'Gr,NS,,,,DNS,'}]","τῷ ἀγαθῷ",2,0,"[{'id': 1304593, 'book_id': 'rom', 'chapter': '12', 'verse': '21', 'word_num': 10, 'word': 'good', 'occurrence': 1}]","good",1,"τῷ ἀγαθῷ = good",0.14285714285714285,1,0,0
"524968","rom","13","3","4",",1508160,1508161,1508162,",",1304648,1304649,1304650,",2,"[{'id': 1508160, 'book_id': 'rom', 'chapter': '13', 'verse': '3', 'word_num': 6, 'word': 'τῷ', 'occurrence': 1, 'strong': 'G35880', 'lemma': 'ὁ', 'morph': 'Gr,EA,,,,DNS,'}, {'id': 1508161, 'book_id': 'rom', 'chapter': '13', 'verse': '3', 'word_num': 7, 'word': 'ἀγαθῷ', 'occurrence': 1, 'strong': 'G00180', 'lemma': 'ἀγαθός', 'morph': 'Gr,AA,,,,DNS,'}, {'id': 1508162, 'book_id': 'rom', 'chapter': '13', 'verse': '3', 'word_num': 8, 'word': 'ἔργῳ', 'occurrence': 1, 'strong': 'G20410', 'lemma': 'ἔργον', 'morph': 'Gr,N,,,,,DNS,'}]","τῷ ἀγαθῷ ἔργῳ",3,2,"[{'id': 1304648, 'book_id': 'rom', 'chapter': '13', 'verse': '3', 'word_num': 6, 'word': 'to', 'occurrence': 1}, {'id': 1304649, 'book_id': 'rom', 'chapter': '13', 'verse': '3', 'word_num': 7, 'word': 'good', 'occurrence': 1}, {'id': 1304650, 'book_id': 'rom', 'chapter': '13', 'verse': '3', 'word_num': 8, 'word': 'deeds', 'occurrence': 1}]","to good deeds",3,"τῷ ἀγαθῷ ἔργῳ = to good deeds",0.14285714285714285,1,0,0
"543665","col","1","10","10",",1527482,",",1331940,",0,"[{'id': 1527482, 'book_id': 'col', 'chapter': '1', 'verse': '10', 'word_num': 10, 'word': 'ἀγαθῷ', 'occurrence': 1, 'strong': 'G00180', 'lemma': 'ἀγαθός', 'morph': 'Gr,AA,,,,DNS,'}]","ἀγαθῷ",1,0,"[{'id': 1331940, 'book_id': 'col', 'chapter': '1', 'verse': '10', 'word_num': 27, 'word': 'good', 'occurrence': 1}]","good",1,"ἀγαθῷ = good",0.5714285714285714,4,0,0
"546871","2th","2","17","7",",1530917,",",1336467,",0,"[{'id': 1530917, 'book_id': '2th', 'chapter': '2', 'verse': '17', 'word_num': 11, 'word': 'ἀγαθῷ', 'occurrence': 1, 'strong': 'G00180', 'lemma': 'ἀγαθός', 'morph': 'Gr,AA,,,,DMS,'}]","ἀγαθῷ",1,0,"[{'id': 1336467, 'book_id': '2th', 'chapter': '2', 'verse': '17', 'word_num': 7, 'word': 'good', 'occurrence': 1}]","good",1,"ἀγαθῷ = good",0.5714285714285714,4,0,0
"548219","1ti","5","10","18",",1532238,",",1338388,",0,"[{'id': 1532238, 'book_id': '1ti', 'chapter': '5', 'verse': '10', 'word_num': 18, 'word': 'ἀγαθῷ', 'occurrence': 1, 'strong': 'G00180', 'lemma': 'ἀγαθός', 'morph': 'Gr,AA,,,,DNS,'}]","ἀγαθῷ",1,0,"[{'id': 1338388, 'book_id': '1ti', 'chapter': '5', 'verse': '10', 'word_num': 40, 'word': 'good', 'occurrence': 2}]","good",1,"ἀγαθῷ = good",0.5714285714285714,4,0,0
"555631","heb","13","21","4",",1539885,",",1349350,",0,"[{'id': 1539885, 'book_id': 'heb', 'chapter': '13', 'verse': '21', 'word_num': 4, 'word': 'ἀγαθῷ', 'occurrence': 1, 'strong': 'G00180', 'lemma': 'ἀγαθός', 'morph': 'Gr,NS,,,,DNS,'}]","ἀγαθῷ",1,0,"[{'id': 1349350, 'book_id': 'heb', 'chapter': '13', 'verse': '21', 'word_num': 4, 'word': 'good', 'occurrence': 1}]","good",1,"ἀγαθῷ = good",0.5714285714285714,4,0,0
"539339","gal","6","6","6",",1523076,",",1325975,1325976,",0,"[{'id': 1523076, 'book_id': 'gal', 'chapter': '6', 'verse': '6', 'word_num': 10, 'word': 'ἀγαθοῖς', 'occurrence': 1, 'strong': 'G00180', 'lemma': 'ἀγαθός', 'morph': 'Gr,NS,,,,DNP,'}]","ἀγαθοῖς",1,1,"[{'id': 1325975, 'book_id': 'gal', 'chapter': '6', 'verse': '6', 'word_num': 11, 'word': 'good', 'occurrence': 1}, {'id': 1325976, 'book_id': 'gal', 'chapter': '6', 'verse': '6', 'word_num': 12, 'word': 'things', 'occurrence': 1}]","good things",2,"ἀγαθοῖς = good things",0.3333333333333333,1,0,0
"540073","eph","2","10","9",",1523821,",",1326963,",0,"[{'id': 1523821, 'book_id': 'eph', 'chapter': '2', 'verse': '10', 'word_num': 10, 'word': 'ἀγαθοῖς', 'occurrence': 1, 'strong': 'G00180', 'lemma': 'ἀγαθός', 'morph': 'Gr,AA,,,,DNP,'}]","ἀγαθοῖς",1,0,"[{'id': 1326963, 'book_id': 'eph', 'chapter': '2', 'verse': '10', 'word_num': 10, 'word': 'good', 'occurrence': 1}]","good",1,"ἀγαθοῖς = good",0.6666666666666666,2,0,0
"557995","1pe","2","18","10",",1542379,",",1352845,",0,"[{'id': 1542379, 'book_id': '1pe', 'chapter': '2', 'verse': '18', 'word_num': 11, 'word': 'ἀγαθοῖς', 'occurrence': 1, 'strong': 'G00180', 'lemma': 'ἀγαθός', 'morph': 'Gr,NS,,,,DMP,'}]","ἀγαθοῖς",1,0,"[{'id': 1352845, 'book_id': '1pe', 'chapter': '2', 'verse': '18', 'word_num': 15, 'word': 'good', 'occurrence': 1}]","good",1,"ἀγαθοῖς = good",0.6666666666666666,2,0,0
"547222","1ti","1","5","14",",1531266,",",1336961,",0,"[{'id': 1531266, 'book_id': '1ti', 'chapter': '1', 'verse': '5', 'word_num': 12, 'word': 'ἀγαθῆς', 'occurrence': 1, 'strong': 'G00180', 'lemma': 'ἀγαθός', 'morph': 'Gr,AA,,,,GFS,'}]","ἀγαθῆς",1,0,"[{'id': 1336961, 'book_id': '1ti', 'chapter': '1', 'verse': '5', 'word_num': 14, 'word': 'good', 'occurrence': 1}]","good",1,"ἀγαθῆς = good",1.0,2,0,0
"558428","1pe","3","21","13",",1542842,",",1353574,",0,"[{'id': 1542842, 'book_id': '1pe', 'chapter': '3', 'verse': '21', 'word_num': 13, 'word': 'ἀγαθῆς', 'occurrence': 1, 'strong': 'G00180', 'lemma': 'ἀγαθός', 'morph': 'Gr,AA,,,,GFS,'}]","ἀγαθῆς",1,0,"[{'id': 1353574, 'book_id': '1pe', 'chapter': '3', 'verse': '21', 'word_num': 27, 'word': 'good', 'occurrence': 1}]","good",1,"ἀγαθῆς = good",1.0,2,0,0
"550279","tit","2","5","2",",1534312,",",1341292,",0,"[{'id': 1534312, 'book_id': 'tit', 'chapter': '2', 'verse': '5', 'word_num': 3, 'word': 'ἀγαθάς', 'occurrence': 1, 'strong': 'G00180', 'lemma': 'ἀγαθός', 'morph': 'Gr,NS,,,,AFP,'}]","ἀγαθάς",1,0,"[{'id': 1341292, 'book_id': 'tit', 'chapter': '2', 'verse': '5', 'word_num': 4, 'word': 'good', 'occurrence': 1}]","good",1,"ἀγαθάς = good",1.0,1,0,0
"555900","jas","1","17","1",",1540178,",",1349754,",0,"[{'id': 1540178, 'book_id': 'jas', 'chapter': '1', 'verse': '17', 'word_num': 2, 'word': 'ἀγαθὴ', 'occurrence': 1, 'strong': 'G00180', 'lemma': 'ἀγαθός', 'morph': 'Gr,AA,,,,NFS,'}]","ἀγαθὴ",1,0,"[{'id': 1349754, 'book_id': 'jas', 'chapter': '1', 'verse': '17', 'word_num': 1, 'word': 'good', 'occurrence': 1}]","good",1,"ἀγαθὴ = good",1.0,1,0,0
"558256","1pe","3","10","7",",1542654,",",1353274,",0,"[{'id': 1542654, 'book_id': '1pe', 'chapter': '3', 'verse': '10', 'word_num': 8, 'word': 'ἀγαθὰς', 'occurrence': 1, 'strong': 'G00180', 'lemma': 'ἀγαθός', 'morph': 'Gr,AA,,,,AFP,'}]","ἀγαθὰς",1,0,"[{'id': 1353274, 'book_id': '1pe', 'chapter': '3', 'verse': '10', 'word_num': 10, 'word': 'good', 'occurrence': 1}]","good",1,"ἀγαθὰς = good",1.0,1,0,0
