"id","orginalWord","lemma","strong","alignmentsForOriginalWord","alignmentFrequency%","alignmentFreq","alignmentFreq-min","alignmentFreq-max","alignmentFreq-mean","alignmentFreq-stddev","alignmentFreq-total","alignmentFreq-meanNormalized","alignmentFreq-stddevNormalized","origWordsCount-min","origWordsCount-max","origWordsCount-mean","origWordsCount-stddev","origWordsCount-total","origWordsCount-meanNormalized","origWordsCount-stddevNormalized","origWordsBetween-min","origWordsBetween-max","origWordsBetween-mean","origWordsBetween-stddev","origWordsBetween-total","origWordsBetween-meanNormalized","origWordsBetween-stddevNormalized","targetWordsCount-min","targetWordsCount-max","targetWordsCount-mean","targetWordsCount-stddev","targetWordsCount-total","targetWordsCount-meanNormalized","targetWordsCount-stddevNormalized","targetWordsBetween-min","targetWordsBetween-max","targetWordsBetween-mean","targetWordsBetween-stddev","targetWordsBetween-total","targetWordsBetween-meanNormalized","targetWordsBetween-stddevNormalized"
"Θεοῦ","Θεοῦ","θεός","G23160",12,"{'Θεοῦ = परमेश्वर': 25.0, 'Θεοῦ = परमेश्वर का': 16.666666666666664, 'τοῦ Θεοῦ = परमेश्वर के': 16.666666666666664, 'τοῦ Θεοῦ = परमेश्वर की': 8.333333333333332, 'Θεοῦ = परमेश्वर के बारे': 8.333333333333332, 'τοῦ Θεοῦ = परमेश्वर का': 8.333333333333332, 'Θεοῦ = परमेश्वर के': 8.333333333333332, 'Θεοῦ = परमेश्वर की': 8.333333333333332}","[3, 2, 2, 1, 1, 1, 1, 1]",1,3,1.5,0.7071067811865476,12,0.125,0.05892556509887897,1,2,1.3333333333333333,0.4714045207910317,16,0.08333333333333333,0.02946278254943948,0,0,0.0,0.0,0,0.0,0.0,1,3,1.8333333333333333,0.5527707983925666,22,0.08333333333333333,0.025125945381480302,0,0,0.0,0.0,0,0,0
"Θεόν","Θεόν","θεός","G23160",1,"{'τὸν Θεόν = परमेश्वर को': 100.0}","[1]",1,1,1.0,0.0,1,1.0,0.0,2,2,2.0,0.0,2,1.0,0.0,0,0,0.0,0.0,0,0.0,0.0,2,2,2.0,0.0,2,1.0,0.0,0,0,0.0,0.0,0,0,0
"Θεὸν","Θεὸν","θεός","G23160",1,"{'Θεὸν = परमेश्वर को': 100.0}","[1]",1,1,1.0,0.0,1,1.0,0.0,1,1,1.0,0.0,1,1.0,0.0,0,0,0.0,0.0,0,0.0,0.0,2,2,2.0,0.0,2,1.0,0.0,0,0,0.0,0.0,0,0,0
"Θεὸς","Θεὸς","θεός","G23160",1,"{'Θεὸς = परमेश्वर ने': 100.0}","[1]",1,1,1.0,0.0,1,1.0,0.0,1,1,1.0,0.0,1,1.0,0.0,0,0,0.0,0.0,0,0.0,0.0,2,2,2.0,0.0,2,1.0,0.0,0,0,0.0,0.0,0,0,0
"Θεῷ","Θεῷ","θεός","G23160",1,"{'Θεῷ = परमेश्वर पर': 100.0}","[1]",1,1,1.0,0.0,1,1.0,0.0,1,1,1.0,0.0,1,1.0,0.0,0,0,0.0,0.0,0,0.0,0.0,2,2,2.0,0.0,2,1.0,0.0,0,0,0.0,0.0,0,0,0
"Κρήτῃ","Κρήτῃ","Κρήτη","G29140",1,"{'Κρήτῃ = क्रेते': 100.0}","[1]",1,1,1.0,0.0,1,1.0,0.0,1,1,1.0,0.0,1,1.0,0.0,0,0,0.0,0.0,0,0.0,0.0,1,1,1.0,0.0,1,1.0,0.0,0,0,0.0,0.0,0,0,0
"Κρῆτες","Κρῆτες","Κρής","G29120",1,"{'Κρῆτες = क्रेती लोग': 100.0}","[1]",1,1,1.0,0.0,1,1.0,0.0,1,1,1.0,0.0,1,1.0,0.0,0,0,0.0,0.0,0,0.0,0.0,2,2,2.0,0.0,2,1.0,0.0,0,0,0.0,0.0,0,0,0
"Πατρὸς","Πατρὸς","πατήρ","G39620",1,"{'Πατρὸς = पिता': 100.0}","[1]",1,1,1.0,0.0,1,1.0,0.0,1,1,1.0,0.0,1,1.0,0.0,0,0,0.0,0.0,0,0.0,0.0,1,1,1.0,0.0,1,1.0,0.0,0,0,0.0,0.0,0,0,0
"Παῦλος","Παῦλος","Παῦλος","G39720",1,"{'Παῦλος = पौलुस': 100.0}","[1]",1,1,1.0,0.0,1,1.0,0.0,1,1,1.0,0.0,1,1.0,0.0,0,0,0.0,0.0,0,0.0,0.0,1,1,1.0,0.0,1,1.0,0.0,0,0,0.0,0.0,0,0,0
"Πνεύματος","Πνεύματος","πνεῦμα","G41510",1,"{'Πνεύματος = आत्मा': 100.0}","[1]",1,1,1.0,0.0,1,1.0,0.0,1,1,1.0,0.0,1,1.0,0.0,0,0,0.0,0.0,0,0.0,0.0,1,1,1.0,0.0,1,1.0,0.0,0,0,0.0,0.0,0,0,0
"Σωτῆρος","Σωτῆρος","σωτήρ","G49900",7,"{'τοῦ Σωτῆρος = उद्धारकर्ता': 71.42857142857143, 'τοῦ Σωτῆρος = की': 14.285714285714285, 'Σωτῆρος = उद्धारकर्ता': 14.285714285714285}","[5, 1, 1]",1,5,2.3333333333333335,1.8856180831641267,7,0.33333333333333337,0.2693740118805895,1,2,1.8571428571428572,0.3499271061118826,13,0.14285714285714285,0.02691746970091404,0,0,0.0,0.0,0,0.0,0.0,1,1,1.0,0.0,7,0.14285714285714285,0.0,0,0,0.0,0.0,0,0,0
"Τίτῳ","Τίτῳ","Τίτος","G51030",1,"{'Τίτῳ = तीतुस को': 100.0}","[1]",1,1,1.0,0.0,1,1.0,0.0,1,1,1.0,0.0,1,1.0,0.0,0,0,0.0,0.0,0,0.0,0.0,2,2,2.0,0.0,2,1.0,0.0,0,0,0.0,0.0,0,0,0
"Τυχικόν","Τυχικόν","Τυχικός","G51900",1,"{'Τυχικόν = तुखिकुस को': 100.0}","[1]",1,1,1.0,0.0,1,1.0,0.0,1,1,1.0,0.0,1,1.0,0.0,0,0,0.0,0.0,0,0.0,0.0,2,2,2.0,0.0,2,1.0,0.0,0,0,0.0,0.0,0,0,0
"Χριστοῦ","Χριστοῦ","χριστός","G55470",4,"{'Χριστοῦ = मसीह': 50.0, 'Χριστοῦ = मसीह का': 25.0, 'Χριστοῦ = मसीह की': 25.0}","[2, 1, 1]",1,2,1.3333333333333333,0.4714045207910317,4,0.3333333333333333,0.11785113019775792,1,1,1.0,0.0,4,0.25,0.0,0,0,0.0,0.0,0,0.0,0.0,1,2,1.5,0.5,6,0.25,0.08333333333333333,0,0,0.0,0.0,0,0,0
"αἰσχροῦ","αἰσχροῦ","αἰσχρός","G01500",1,"{'αἰσχροῦ = नीच': 100.0}","[1]",1,1,1.0,0.0,1,1.0,0.0,1,1,1.0,0.0,1,1.0,0.0,0,0,0.0,0.0,0,0.0,0.0,1,1,1.0,0.0,1,1.0,0.0,0,0,0.0,0.0,0,0,0
"αἰτίαν","αἰτίαν","αἰτία","G01560",1,"{'αἰτίαν = कारण': 100.0}","[1]",1,1,1.0,0.0,1,1.0,0.0,1,1,1.0,0.0,1,1.0,0.0,0,0,0.0,0.0,0,0.0,0.0,1,1,1.0,0.0,1,1.0,0.0,0,0,0.0,0.0,0,0,0
"αἰωνίου","αἰωνίου","αἰώνιος","G01660",2,"{'αἰωνίου = अनन्त': 100.0}","[2]",2,2,2.0,0.0,2,1.0,0.0,1,1,1.0,0.0,2,0.5,0.0,0,0,0.0,0.0,0,0.0,0.0,1,1,1.0,0.0,2,0.5,0.0,0,0,0.0,0.0,0,0,0
"αἰωνίων","αἰωνίων","αἰώνιος","G01660",1,"{'αἰωνίων = युगों के': 100.0}","[1]",1,1,1.0,0.0,1,1.0,0.0,1,1,1.0,0.0,1,1.0,0.0,0,0,0.0,0.0,0,0.0,0.0,2,2,2.0,0.0,2,1.0,0.0,0,0,0.0,0.0,0,0,0
"αἰῶνι","αἰῶνι","αἰών","G01650",1,"{'αἰῶνι = युग': 100.0}","[1]",1,1,1.0,0.0,1,1.0,0.0,1,1,1.0,0.0,1,1.0,0.0,0,0,0.0,0.0,0,0.0,0.0,1,1,1.0,0.0,1,1.0,0.0,0,0,0.0,0.0,0,0,0
"αὐτοὺς","αὐτοὺς","αὐτός","G08460",2,"{'αὐτοὺς = उन्हें': 100.0}","[2]",2,2,2.0,0.0,2,1.0,0.0,1,1,1.0,0.0,2,0.5,0.0,0,0,0.0,0.0,0,0.0,0.0,1,1,1.0,0.0,2,0.5,0.0,0,0,0.0,0.0,0,0,0
"αὐτοῖς","αὐτοῖς","αὐτός","G08460",1,"{'αὐτοῖς = उन्हें': 100.0}","[1]",1,1,1.0,0.0,1,1.0,0.0,1,1,1.0,0.0,1,1.0,0.0,0,0,0.0,0.0,0,0.0,0.0,1,1,1.0,0.0,1,1.0,0.0,0,0,0.0,0.0,0,0,0
"αὐτοῦ","αὐτοῦ","αὐτός","G08460",3,"{'αὐτοῦ = उसके': 33.33333333333333, 'τὸ αὐτοῦ = अपनी': 33.33333333333333, 'αὐτοῦ = उसने': 33.33333333333333}","[1, 1, 1]",1,1,1.0,0.0,3,0.3333333333333333,0.0,1,2,1.3333333333333333,0.4714045207910317,4,0.3333333333333333,0.11785113019775792,0,0,0.0,0.0,0,0.0,0.0,1,1,1.0,0.0,3,0.3333333333333333,0.0,0,0,0.0,0.0,0,0,0
"αὐτὸς","αὐτὸς","αὐτός","G08460",1,"{'αὐτὸς = वह': 100.0}","[1]",1,1,1.0,0.0,1,1.0,0.0,1,1,1.0,0.0,1,1.0,0.0,0,0,0.0,0.0,0,0.0,0.0,1,1,1.0,0.0,1,1.0,0.0,0,0,0.0,0.0,0,0,0
"αὐτῆς","αὐτῆς","αὐτός","G08460",1,"{'αὐτῆς = स्वयं': 100.0}","[1]",1,1,1.0,0.0,1,1.0,0.0,1,1,1.0,0.0,1,1.0,0.0,0,0,0.0,0.0,0,0.0,0.0,1,1,1.0,0.0,1,1.0,0.0,0,0,0.0,0.0,0,0,0
"αὐτῶν","αὐτῶν","αὐτός","G08460",5,"{'αὐτῶν = उन्हीं': 20.0, 'αὐτῶν = उनकी': 20.0, 'ἴδιος αὐτῶν = है': 20.0, 'ἴδιος αὐτῶν = जो उन्हीं का': 20.0, 'αὐτῶν = उनमें': 20.0}","[1, 1, 1, 1, 1]",1,1,1.0,0.0,5,0.2,0.0,1,2,1.4,0.4898979485566356,7,0.19999999999999998,0.06998542122237651,0,0,0.0,0.0,0,0.0,0.0,1,3,1.4,0.8000000000000002,7,0.19999999999999998,0.11428571428571428,0,0,0.0,0.0,0,0,0
"βδελυκτοὶ","βδελυκτοὶ","βδελυκτός","G09470",1,"{'βδελυκτοὶ = घृणित': 100.0}","[1]",1,1,1.0,0.0,1,1.0,0.0,1,1,1.0,0.0,1,1.0,0.0,0,0,0.0,0.0,0,0.0,0.0,1,1,1.0,0.0,1,1.0,0.0,0,0,0.0,0.0,0,0,0
"βλασφημεῖν","βλασφημεῖν","βλασφημέω","G09870",2,"{'βλασφημεῖν = कहें': 50.0, 'βλασφημεῖν = बुरा भला': 50.0}","[1, 1]",1,1,1.0,0.0,2,0.5,0.0,1,1,1.0,0.0,2,0.5,0.0,0,0,0.0,0.0,0,0.0,0.0,1,2,1.5,0.5,3,0.5,0.16666666666666666,0,0,0.0,0.0,0,0,0
"βλασφημῆται","βλασφημῆται","βλασφημέω","G09870",1,"{'βλασφημῆται = निन्दा': 100.0}","[1]",1,1,1.0,0.0,1,1.0,0.0,1,1,1.0,0.0,1,1.0,0.0,0,0,0.0,0.0,0,0.0,0.0,1,1,1.0,0.0,1,1.0,0.0,0,0,0.0,0.0,0,0,0
"βουλομένους","βουλομένους","βούλομαι","G10140",1,"{'βουλομένους = ऐसा करना चाहते हैं': 100.0}","[1]",1,1,1.0,0.0,1,1.0,0.0,1,1,1.0,0.0,1,1.0,0.0,0,0,0.0,0.0,0,0.0,0.0,4,4,4.0,0.0,4,1.0,0.0,0,0,0.0,0.0,0,0,0
"βούλομαί","βούλομαί","βούλομαι","G10140",1,"{'βούλομαί = मैं चाहता हूँ कि': 100.0}","[1]",1,1,1.0,0.0,1,1.0,0.0,1,1,1.0,0.0,1,1.0,0.0,0,0,0.0,0.0,0,0.0,0.0,4,4,4.0,0.0,4,1.0,0.0,0,0,0.0,0.0,0,0,0
"γαστέρες","γαστέρες","γαστήρ","G10640",1,"{'γαστέρες = पेटू': 100.0}","[1]",1,1,1.0,0.0,1,1.0,0.0,1,1,1.0,0.0,1,1.0,0.0,0,0,0.0,0.0,0,0.0,0.0,1,1,1.0,0.0,1,1.0,0.0,0,0,0.0,0.0,0,0,0
"γενηθῶμεν","γενηθῶμεν","γίνομαι","G10960",1,"{'γενηθῶμεν = बनें': 100.0}","[1]",1,1,1.0,0.0,1,1.0,0.0,1,1,1.0,0.0,1,1.0,0.0,0,0,0.0,0.0,0,0.0,0.0,1,1,1.0,0.0,1,1.0,0.0,0,0,0.0,0.0,0,0,0
"γινώμεθα","γινώμεθα","γίνομαι","G10960",2,"{'γινώμεθα = हों': 50.0, 'γινώμεθα = हम': 50.0}","[1, 1]",1,1,1.0,0.0,2,0.5,0.0,1,1,1.0,0.0,2,0.5,0.0,0,0,0.0,0.0,0,0.0,0.0,1,1,1.0,0.0,2,0.5,0.0,0,0,0.0,0.0,0,0,0
"γνησίῳ","γνησίῳ","γνήσιος","G11030",1,"{'γνησίῳ = सच्चा': 100.0}","[1]",1,1,1.0,0.0,1,1.0,0.0,1,1,1.0,0.0,1,1.0,0.0,0,0,0.0,0.0,0,0.0,0.0,1,1,1.0,0.0,1,1.0,0.0,0,0,0.0,0.0,0,0,0
"γράφειν","γράφειν","γράφω","G11250",2,"{'γράφειν = मैं': 50.0, 'γράφειν = लिखना': 50.0}","[1, 1]",1,1,1.0,0.0,2,0.5,0.0,1,1,1.0,0.0,2,0.5,0.0,0,0,0.0,0.0,0,0.0,0.0,1,1,1.0,0.0,2,0.5,0.0,0,0,0.0,0.0,0,0,0
"γράψαι","γράψαι","γράφω","G11250",2,"{'γράψαι = है': 50.0, 'γράψαι = लिखने को': 50.0}","[1, 1]",1,1,1.0,0.0,2,0.5,0.0,1,1,1.0,0.0,2,0.5,0.0,0,0,0.0,0.0,0,0.0,0.0,1,2,1.5,0.5,3,0.5,0.16666666666666666,0,0,0.0,0.0,0,0,0
"γυναικὸς","γυναικὸς","γυνή","G11350",1,"{'γυναικὸς = पत्नी का': 100.0}","[1]",1,1,1.0,0.0,1,1.0,0.0,1,1,1.0,0.0,1,1.0,0.0,0,0,0.0,0.0,0,0.0,0.0,2,2,2.0,0.0,2,1.0,0.0,0,0,0.0,0.0,0,0,0
"δίκαιον","δίκαιον","δίκαιος","G13420",1,"{'δίκαιον = धर्मी': 100.0}","[1]",1,1,1.0,0.0,1,1.0,0.0,1,1,1.0,0.0,1,1.0,0.0,0,0,0.0,0.0,0,0.0,0.0,1,1,1.0,0.0,1,1.0,0.0,0,0,0.0,0.0,0,0,0
"δεδουλωμένας","δεδουλωμένας","δουλόω","G14020",1,"{'δεδουλωμένας = दासियां': 100.0}","[1]",1,1,1.0,0.0,1,1.0,0.0,1,1,1.0,0.0,1,1.0,0.0,0,0,0.0,0.0,0,0.0,0.0,1,1,1.0,0.0,1,1.0,0.0,0,0,0.0,0.0,0,0,0
"δεσπόταις","δεσπόταις","δεσπότης","G12030",1,"{'δεσπόταις = स्वामियों के': 100.0}","[1]",1,1,1.0,0.0,1,1.0,0.0,1,1,1.0,0.0,1,1.0,0.0,0,0,0.0,0.0,0,0.0,0.0,2,2,2.0,0.0,2,1.0,0.0,0,0,0.0,0.0,0,0,0
"δεῖ","δεῖ","δέω","G12100",3,"{'δεῖ = होना': 33.33333333333333, 'μὴ δεῖ = अनुचित': 33.33333333333333, 'δεῖ = ज़रूरी है': 33.33333333333333}","[1, 1, 1]",1,1,1.0,0.0,3,0.3333333333333333,0.0,1,2,1.3333333333333333,0.4714045207910317,4,0.3333333333333333,0.11785113019775792,0,0,0.0,0.0,0,0.0,0.0,1,2,1.3333333333333333,0.4714045207910317,4,0.3333333333333333,0.11785113019775792,0,0,0.0,0.0,0,0,0
"διάγοντες","διάγοντες","διάγω","G12360",2,"{'διάγοντες = जीवन निर्वाह करते थे': 50.0, 'διάγοντες = हम': 50.0}","[1, 1]",1,1,1.0,0.0,2,0.5,0.0,1,1,1.0,0.0,2,0.5,0.0,0,0,0.0,0.0,0,0.0,0.0,1,4,2.5,1.5,5,0.5,0.3,0,0,0.0,0.0,0,0,0
"διαβόλους","διαβόλους","διάβολος","G12280",1,"{'διαβόλους = वे दोष लगानेवाली': 100.0}","[1]",1,1,1.0,0.0,1,1.0,0.0,1,1,1.0,0.0,1,1.0,0.0,0,0,0.0,0.0,0,0.0,0.0,3,3,3.0,0.0,3,1.0,0.0,0,0,0.0,0.0,0,0,0
"διδάσκοντες","διδάσκοντες","διδάσκω","G13210",1,"{'διδάσκοντες = सिखाकर': 100.0}","[1]",1,1,1.0,0.0,1,1.0,0.0,1,1,1.0,0.0,1,1.0,0.0,0,0,0.0,0.0,0,0.0,0.0,1,1,1.0,0.0,1,1.0,0.0,0,0,0.0,0.0,0,0,0
"διδασκαλίαν","διδασκαλίαν","διδασκαλία","G13190",1,"{'τὴν διδασκαλίαν = उस शिक्षा को': 100.0}","[1]",1,1,1.0,0.0,1,1.0,0.0,2,2,2.0,0.0,2,1.0,0.0,0,0,0.0,0.0,0,0.0,0.0,3,3,3.0,0.0,3,1.0,0.0,0,0,0.0,0.0,0,0,0
"διδασκαλίᾳ","διδασκαλίᾳ","διδασκαλία","G13190",3,"{'διδασκαλίᾳ = सिद्धान्त के': 33.33333333333333, 'τῇ διδασκαλίᾳ = तेरी शिक्षा': 33.33333333333333, 'τῇ διδασκαλίᾳ = शिक्षा': 33.33333333333333}","[1, 1, 1]",1,1,1.0,0.0,3,0.3333333333333333,0.0,1,2,1.6666666666666667,0.4714045207910317,5,0.33333333333333337,0.09428090415820634,0,0,0.0,0.0,0,0.0,0.0,1,2,1.6666666666666667,0.4714045207910317,5,0.33333333333333337,0.09428090415820634,0,0,0.0,0.0,0,0,0
"διδαχὴν","διδαχὴν","διδαχή","G13220",1,"{'τὴν διδαχὴν = शिक्षा के': 100.0}","[1]",1,1,1.0,0.0,1,1.0,0.0,2,2,2.0,0.0,2,1.0,0.0,0,0,0.0,0.0,0,0.0,0.0,2,2,2.0,0.0,2,1.0,0.0,0,0,0.0,0.0,0,0,0
"διεταξάμην","διεταξάμην","διατάσσω","G12990",1,"{'διεταξάμην = दी हुई आज्ञा': 100.0}","[1]",1,1,1.0,0.0,1,1.0,0.0,1,1,1.0,0.0,1,1.0,0.0,0,0,0.0,0.0,0,0.0,0.0,3,3,3.0,0.0,3,1.0,0.0,0,0,0.0,0.0,0,0,0
"δικαίως","δικαίως","δικαίως","G13460",1,"{'δικαίως = धार्मिकता से': 100.0}","[1]",1,1,1.0,0.0,1,1.0,0.0,1,1,1.0,0.0,1,1.0,0.0,0,0,0.0,0.0,0,0.0,0.0,2,2,2.0,0.0,2,1.0,0.0,0,0,0.0,0.0,0,0,0
"δικαιοσύνῃ","δικαιοσύνῃ","δικαιοσύνη","G13430",1,"{'δικαιοσύνῃ = धार्मिकता': 100.0}","[1]",1,1,1.0,0.0,1,1.0,0.0,1,1,1.0,0.0,1,1.0,0.0,0,0,0.0,0.0,0,0.0,0.0,1,1,1.0,0.0,1,1.0,0.0,0,0,0.0,0.0,0,0,0
"δικαιωθέντες","δικαιωθέντες","δικαιόω","G13440",1,"{'δικαιωθέντες τῇ = धर्मी ठहरकर': 100.0}","[1]",1,1,1.0,0.0,1,1.0,0.0,2,2,2.0,0.0,2,1.0,0.0,0,0,0.0,0.0,0,0.0,0.0,2,2,2.0,0.0,2,1.0,0.0,0,0,0.0,0.0,0,0,0
"δουλεύοντες","δουλεύοντες","δουλεύω","G13980",1,"{'δουλεύοντες = दासत्व में': 100.0}","[1]",1,1,1.0,0.0,1,1.0,0.0,1,1,1.0,0.0,1,1.0,0.0,0,0,0.0,0.0,0,0.0,0.0,2,2,2.0,0.0,2,1.0,0.0,0,0,0.0,0.0,0,0,0
"δούλους","δούλους","δοῦλος","G14010",1,"{'δούλους = दासों को': 100.0}","[1]",1,1,1.0,0.0,1,1.0,0.0,1,1,1.0,0.0,1,1.0,0.0,0,0,0.0,0.0,0,0.0,0.0,2,2,2.0,0.0,2,1.0,0.0,0,0,0.0,0.0,0,0,0
"δοῦλος","δοῦλος","δοῦλος","G14010",1,"{'δοῦλος = दास': 100.0}","[1]",1,1,1.0,0.0,1,1.0,0.0,1,1,1.0,0.0,1,1.0,0.0,0,0,0.0,0.0,0,0.0,0.0,1,1,1.0,0.0,1,1.0,0.0,0,0,0.0,0.0,0,0,0
"δυνατὸς","δυνατὸς","δυνατός","G14150",1,"{'δυνατὸς = कर': 100.0}","[1]",1,1,1.0,0.0,1,1.0,0.0,1,1,1.0,0.0,1,1.0,0.0,0,0,0.0,0.0,0,0.0,0.0,1,1,1.0,0.0,1,1.0,0.0,0,0,0.0,0.0,0,0,0
"δόξης","δόξης","δόξα","G13910",1,"{'τῆς δόξης = महिमा का': 100.0}","[1]",1,1,1.0,0.0,1,1.0,0.0,2,2,2.0,0.0,2,1.0,0.0,0,0,0.0,0.0,0,0.0,0.0,2,2,2.0,0.0,2,1.0,0.0,0,0,0.0,0.0,0,0,0
"εἰδέναι","εἰδέναι","εἴδω","G14920",1,"{'εἰδέναι = जानने का': 100.0}","[1]",1,1,1.0,0.0,1,1.0,0.0,1,1,1.0,0.0,1,1.0,0.0,0,0,0.0,0.0,0,0.0,0.0,2,2,2.0,0.0,2,1.0,0.0,0,0,0.0,0.0,0,0,0
"εἰδὼς","εἰδὼς","εἴδω","G14920",1,"{'εἰδὼς = यह जानकर': 100.0}","[1]",1,1,1.0,0.0,1,1.0,0.0,1,1,1.0,0.0,1,1.0,0.0,0,0,0.0,0.0,0,0.0,0.0,2,2,2.0,0.0,2,1.0,0.0,0,0,0.0,0.0,0,0,0
"εἰρήνη","εἰρήνη","εἰρήνη","G15150",2,"{'εἰρήνη = शान्ति मिलती रहे': 50.0, 'εἰρήνη = शान्ति': 50.0}","[1, 1]",1,1,1.0,0.0,2,0.5,0.0,1,1,1.0,0.0,2,0.5,0.0,0,0,0.0,0.0,0,0.0,0.0,1,3,2.0,1.0,4,0.5,0.25,0,0,0.0,0.0,0,0,0
"εἶπέν","εἶπέν","λέγω","G30040",1,"{'εἶπέν = कहा है': 100.0}","[1]",1,1,1.0,0.0,1,1.0,0.0,1,1,1.0,0.0,1,1.0,0.0,0,0,0.0,0.0,0,0.0,0.0,2,2,2.0,0.0,2,1.0,0.0,0,0,0.0,0.0,0,0,0
"εἶχον","εἶχον","ἔχω","G21920",1,"{'εἶχον = मेरे पास': 100.0}","[1]",1,1,1.0,0.0,1,1.0,0.0,1,1,1.0,0.0,1,1.0,0.0,0,0,0.0,0.0,0,0.0,0.0,2,2,2.0,0.0,2,1.0,0.0,0,0,0.0,0.0,0,0,0
"εὐοδοῦσθαι","εὐοδοῦσθαι","εὐοδόω","G21370",1,"{'εὐοδοῦσθαι = उन्नति करे': 100.0}","[1]",1,1,1.0,0.0,1,1.0,0.0,1,1,1.0,0.0,1,1.0,0.0,0,0,0.0,0.0,0,0.0,0.0,2,2,2.0,0.0,2,1.0,0.0,0,0,0.0,0.0,0,0,0
"εὐοδοῦταί","εὐοδοῦταί","εὐοδόω","G21370",1,"{'εὐοδοῦταί = उन्नति कर रहा है': 100.0}","[1]",1,1,1.0,0.0,1,1.0,0.0,1,1,1.0,0.0,1,1.0,0.0,0,0,0.0,0.0,0,0.0,0.0,4,4,4.0,0.0,4,1.0,0.0,0,0,0.0,0.0,0,0,0
"εὐσέβειαν","εὐσέβειαν","εὐσέβεια","G21500",1,"{'εὐσέβειαν = भक्ति के साथ': 100.0}","[1]",1,1,1.0,0.0,1,1.0,0.0,1,1,1.0,0.0,1,1.0,0.0,0,0,0.0,0.0,0,0.0,0.0,3,3,3.0,0.0,3,1.0,0.0,0,0,0.0,0.0,0,0,0
"εὐσεβῶς","εὐσεβῶς","εὐσεβῶς","G21530",1,"{'εὐσεβῶς = भक्ति से': 100.0}","[1]",1,1,1.0,0.0,1,1.0,0.0,1,1,1.0,0.0,1,1.0,0.0,0,0,0.0,0.0,0,0.0,0.0,2,2,2.0,0.0,2,1.0,0.0,0,0,0.0,0.0,0,0,0
"εὔχομαί","εὔχομαί","εὔχομαι","G21720",1,"{'εὔχομαί = मैं प्रार्थना करता हूँ': 100.0}","[1]",1,1,1.0,0.0,1,1.0,0.0,1,1,1.0,0.0,1,1.0,0.0,0,0,0.0,0.0,0,0.0,0.0,4,4,4.0,0.0,4,1.0,0.0,0,0,0.0,0.0,0,0,0
"ζήσωμεν","ζήσωμεν","ζάω","G21980",1,"{'ζήσωμεν = जीवन बिताएँ': 100.0}","[1]",1,1,1.0,0.0,1,1.0,0.0,1,1,1.0,0.0,1,1.0,0.0,0,0,0.0,0.0,0,0.0,0.0,2,2,2.0,0.0,2,1.0,0.0,0,0,0.0,0.0,0,0,0
"ζηλωτὴν","ζηλωτὴν","ζηλωτής","G22070",2,"{'ζηλωτὴν = सरगर्म हो': 50.0, 'ζηλωτὴν = जो': 50.0}","[1, 1]",1,1,1.0,0.0,2,0.5,0.0,1,1,1.0,0.0,2,0.5,0.0,0,0,0.0,0.0,0,0.0,0.0,1,2,1.5,0.5,3,0.5,0.16666666666666666,0,0,0.0,0.0,0,0,0
"ζωῆς","ζωῆς","ζωή","G22220",3,"{'ζωῆς = जीवन की': 66.66666666666666, 'ζωῆς = उस': 33.33333333333333}","[2, 1]",1,2,1.5,0.5,3,0.5,0.16666666666666666,1,1,1.0,0.0,3,0.3333333333333333,0.0,0,0,0.0,0.0,0,0.0,0.0,1,2,1.6666666666666667,0.4714045207910317,5,0.33333333333333337,0.09428090415820634,0,0,0.0,0.0,0,0,0
"θέλω","θέλω","θέλω","G23090",1,"{'θέλω = चाहता': 100.0}","[1]",1,1,1.0,0.0,1,1.0,0.0,1,1,1.0,0.0,1,1.0,0.0,0,0,0.0,0.0,0,0.0,0.0,1,1,1.0,0.0,1,1.0,0.0,0,0,0.0,0.0,0,0,0
"θηρία","θηρία","θηρίον","G23420",1,"{'θηρία = जानवर': 100.0}","[1]",1,1,1.0,0.0,1,1.0,0.0,1,1,1.0,0.0,1,1.0,0.0,0,0,0.0,0.0,0,0.0,0.0,1,1,1.0,0.0,1,1.0,0.0,0,0,0.0,0.0,0,0,0
"κέκρικα","κέκρικα","κρίνω","G29190",2,"{'κέκρικα = मैंने': 50.0, 'κέκρικα = निश्चय किया है': 50.0}","[1, 1]",1,1,1.0,0.0,2,0.5,0.0,1,1,1.0,0.0,2,0.5,0.0,0,0,0.0,0.0,0,0.0,0.0,1,3,2.0,1.0,4,0.5,0.25,0,0,0.0,0.0,0,0,0
"κέρδους","κέρδους","κέρδος","G27710",1,"{'κέρδους = कमाई': 100.0}","[1]",1,1,1.0,0.0,1,1.0,0.0,1,1,1.0,0.0,1,1.0,0.0,0,0,0.0,0.0,0,0.0,0.0,1,1,1.0,0.0,1,1.0,0.0,0,0,0.0,0.0,0,0,0
"καθαρίσῃ","καθαρίσῃ","καθαρίζω","G25110",1,"{'καθαρίσῃ = शुद्ध करके': 100.0}","[1]",1,1,1.0,0.0,1,1.0,0.0,1,1,1.0,0.0,1,1.0,0.0,0,0,0.0,0.0,0,0.0,0.0,2,2,2.0,0.0,2,1.0,0.0,0,0,0.0,0.0,0,0,0
"καθαροῖς","καθαροῖς","καθαρός","G25130",1,"{'καθαροῖς = शुद्ध लोगों': 100.0}","[1]",1,1,1.0,0.0,1,1.0,0.0,1,1,1.0,0.0,1,1.0,0.0,0,0,0.0,0.0,0,0.0,0.0,2,2,2.0,0.0,2,1.0,0.0,0,0,0.0,0.0,0,0,0
"καθαρόν","καθαρόν","καθαρός","G25130",1,"{'καθαρόν = शुद्ध': 100.0}","[1]",1,1,1.0,0.0,1,1.0,0.0,1,1,1.0,0.0,1,1.0,0.0,0,0,0.0,0.0,0,0.0,0.0,1,1,1.0,0.0,1,1.0,0.0,0,0,0.0,0.0,0,0,0
"καθαρὰ","καθαρὰ","καθαρός","G25130",1,"{'καθαρὰ = शुद्ध हैं': 100.0}","[1]",1,1,1.0,0.0,1,1.0,0.0,1,1,1.0,0.0,1,1.0,0.0,0,0,0.0,0.0,0,0.0,0.0,2,2,2.0,0.0,2,1.0,0.0,0,0,0.0,0.0,0,0,0
"καθὼς","καθὼς","καθώς","G25310",3,"{'καθὼς = जैसे': 66.66666666666666, 'καθὼς = वैसे ही': 33.33333333333333}","[2, 1]",1,2,1.5,0.5,3,0.5,0.16666666666666666,1,1,1.0,0.0,3,0.3333333333333333,0.0,0,0,0.0,0.0,0,0.0,0.0,1,2,1.3333333333333333,0.4714045207910317,4,0.3333333333333333,0.11785113019775792,0,0,0.0,0.0,0,0,0
"καιροῖς","καιροῖς","καιρός","G25400",1,"{'καιροῖς = ठीक समय पर': 100.0}","[1]",1,1,1.0,0.0,1,1.0,0.0,1,1,1.0,0.0,1,1.0,0.0,0,0,0.0,0.0,0,0.0,0.0,3,3,3.0,0.0,3,1.0,0.0,0,0,0.0,0.0,0,0,0
"κακίᾳ","κακίᾳ","κακία","G25490",1,"{'κακίᾳ = बैर भाव': 100.0}","[1]",1,1,1.0,0.0,1,1.0,0.0,1,1,1.0,0.0,1,1.0,0.0,0,0,0.0,0.0,0,0.0,0.0,2,2,2.0,0.0,2,1.0,0.0,0,0,0.0,0.0,0,0,0
"κακοποιῶν","κακοποιῶν","κακοποιέω","G25540",1,"{'κακοποιῶν = बुराई करता है': 100.0}","[1]",1,1,1.0,0.0,1,1.0,0.0,1,1,1.0,0.0,1,1.0,0.0,0,0,0.0,0.0,0,0.0,0.0,3,3,3.0,0.0,3,1.0,0.0,0,0,0.0,0.0,0,0,0
"κακὰ","κακὰ","κακός","G25560",1,"{'κακὰ = दुष्ट': 100.0}","[1]",1,1,1.0,0.0,1,1.0,0.0,1,1,1.0,0.0,1,1.0,0.0,0,0,0.0,0.0,0,0.0,0.0,1,1,1.0,0.0,1,1.0,0.0,0,0,0.0,0.0,0,0,0
"κακὸν","κακὸν","κακός","G25560",1,"{'τὸ κακὸν = बुराई के': 100.0}","[1]",1,1,1.0,0.0,1,1.0,0.0,2,2,2.0,0.0,2,1.0,0.0,0,0,0.0,0.0,0,0.0,0.0,2,2,2.0,0.0,2,1.0,0.0,0,0,0.0,0.0,0,0,0
"καλάμου","καλάμου","κάλαμος","G25630",1,"{'καλάμου = कलम': 100.0}","[1]",1,1,1.0,0.0,1,1.0,0.0,1,1,1.0,0.0,1,1.0,0.0,0,0,0.0,0.0,0,0.0,0.0,1,1,1.0,0.0,1,1.0,0.0,0,0,0.0,0.0,0,0,0
"καλὰ","καλὰ","καλός","G25700",1,"{'καλὰ = भली': 100.0}","[1]",1,1,1.0,0.0,1,1.0,0.0,1,1,1.0,0.0,1,1.0,0.0,0,0,0.0,0.0,0,0.0,0.0,1,1,1.0,0.0,1,1.0,0.0,0,0,0.0,0.0,0,0,0
"καλῶν","καλῶν","καλός","G25700",4,"{'καλῶν = अच्छे': 50.0, 'καλῶν = भले': 50.0}","[2, 2]",2,2,2.0,0.0,4,0.5,0.0,1,1,1.0,0.0,4,0.25,0.0,0,0,0.0,0.0,0,0.0,0.0,1,1,1.0,0.0,4,0.25,0.0,0,0,0.0,0.0,0,0,0
"καλῶς","καλῶς","καλῶς","G25730",1,"{'καλῶς = भली': 100.0}","[1]",1,1,1.0,0.0,1,1.0,0.0,1,1,1.0,0.0,1,1.0,0.0,0,0,0.0,0.0,0,0.0,0.0,1,1,1.0,0.0,1,1.0,0.0,0,0,0.0,0.0,0,0,0
"καταστήσῃς","καταστήσῃς","καθίστημι","G25250",1,"{'καταστήσῃς = नियुक्त करे': 100.0}","[1]",1,1,1.0,0.0,1,1.0,0.0,1,1,1.0,0.0,1,1.0,0.0,0,0,0.0,0.0,0,0.0,0.0,2,2,2.0,0.0,2,1.0,0.0,0,0,0.0,0.0,0,0,0
"κατηγορίᾳ","κατηγορίᾳ","κατηγορία","G27240",2,"{'κατηγορίᾳ = हो': 50.0, 'κατηγορίᾳ = दोष': 50.0}","[1, 1]",1,1,1.0,0.0,2,0.5,0.0,1,1,1.0,0.0,2,0.5,0.0,0,0,0.0,0.0,0,0.0,0.0,1,1,1.0,0.0,2,0.5,0.0,0,0,0.0,0.0,0,0,0
"κηρύγματι","κηρύγματι","κήρυγμα","G27820",1,"{'ἐν κηρύγματι = उस प्रचार के द्वारा': 100.0}","[1]",1,1,1.0,0.0,1,1.0,0.0,2,2,2.0,0.0,2,1.0,0.0,0,0,0.0,0.0,0,0.0,0.0,4,4,4.0,0.0,4,1.0,0.0,0,0,0.0,0.0,0,0,0
"κληρονόμοι","κληρονόμοι","κληρονόμος","G28180",1,"{'κληρονόμοι = वारिस': 100.0}","[1]",1,1,1.0,0.0,1,1.0,0.0,1,1,1.0,0.0,1,1.0,0.0,0,0,0.0,0.0,0,0.0,0.0,1,1,1.0,0.0,1,1.0,0.0,0,0,0.0,0.0,0,0,0
"κοινὴν","κοινὴν","κοινός","G28390",2,"{'κοινὴν = सहभागिता': 50.0, 'κοινὴν = हमारे': 50.0}","[1, 1]",1,1,1.0,0.0,2,0.5,0.0,1,1,1.0,0.0,2,0.5,0.0,0,0,0.0,0.0,0,0.0,0.0,1,1,1.0,0.0,2,0.5,0.0,0,0,0.0,0.0,0,0,0
"κοσμικὰς","κοσμικὰς","κοσμικός","G28860",1,"{'τὰς κοσμικὰς = सांसारिक': 100.0}","[1]",1,1,1.0,0.0,1,1.0,0.0,2,2,2.0,0.0,2,1.0,0.0,0,0,0.0,0.0,0,0.0,0.0,1,1,1.0,0.0,1,1.0,0.0,0,0,0.0,0.0,0,0,0
"λάλει","λάλει","λαλέω","G29800",2,"{'λάλει = बोल': 50.0, 'λάλει = ऐसी बातें कहा कर': 50.0}","[1, 1]",1,1,1.0,0.0,2,0.5,0.0,1,1,1.0,0.0,2,0.5,0.0,0,0,0.0,0.0,0,0.0,0.0,1,4,2.5,1.5,5,0.5,0.3,0,0,0.0,0.0,0,0,0
"λέγειν","λέγειν","λέγω","G30040",1,"{'λέγειν = बोलने का अवसर': 100.0}","[1]",1,1,1.0,0.0,1,1.0,0.0,1,1,1.0,0.0,1,1.0,0.0,0,0,0.0,0.0,0,0.0,0.0,3,3,3.0,0.0,3,1.0,0.0,0,0,0.0,0.0,0,0,0
"λαλήσομεν","λαλήσομεν","λαλέω","G29800",2,"{'λαλήσομεν = बात करेंगे': 50.0, 'λαλήσομεν = हम': 50.0}","[1, 1]",1,1,1.0,0.0,2,0.5,0.0,1,1,1.0,0.0,2,0.5,0.0,0,0,0.0,0.0,0,0.0,0.0,1,2,1.5,0.5,3,0.5,0.16666666666666666,0,0,0.0,0.0,0,0,0
"λαμβάνοντες","λαμβάνοντες","λαμβάνω","G29830",1,"{'λαμβάνοντες = लेते': 100.0}","[1]",1,1,1.0,0.0,1,1.0,0.0,1,1,1.0,0.0,1,1.0,0.0,0,0,0.0,0.0,0,0.0,0.0,1,1,1.0,0.0,1,1.0,0.0,0,0,0.0,0.0,0,0,0
"λαὸν","λαὸν","λαός","G29920",2,"{'λαὸν = एक': 50.0, 'λαὸν = जाति बना ले': 50.0}","[1, 1]",1,1,1.0,0.0,2,0.5,0.0,1,1,1.0,0.0,2,0.5,0.0,0,0,0.0,0.0,0,0.0,0.0,1,3,2.0,1.0,4,0.5,0.25,0,0,0.0,0.0,0,0,0
"λουτροῦ","λουτροῦ","λουτρόν","G30670",1,"{'λουτροῦ = स्नान': 100.0}","[1]",1,1,1.0,0.0,1,1.0,0.0,1,1,1.0,0.0,1,1.0,0.0,0,0,0.0,0.0,0,0.0,0.0,1,1,1.0,0.0,1,1.0,0.0,0,0,0.0,0.0,0,0,0
"λυτρώσηται","λυτρώσηται","λυτρόω","G30840",1,"{'λυτρώσηται = छुड़ा ले': 100.0}","[1]",1,1,1.0,0.0,1,1.0,0.0,1,1,1.0,0.0,1,1.0,0.0,0,0,0.0,0.0,0,0.0,0.0,2,2,2.0,0.0,2,1.0,0.0,0,0,0.0,0.0,0,0,0
"λόγοις","λόγοις","λόγος","G30560",1,"{'λόγοις = बातों से': 100.0}","[1]",1,1,1.0,0.0,1,1.0,0.0,1,1,1.0,0.0,1,1.0,0.0,0,0,0.0,0.0,0,0.0,0.0,2,2,2.0,0.0,2,1.0,0.0,0,0,0.0,0.0,0,0,0
"λόγον","λόγον","λόγος","G30560",3,"{'λόγον = संदेश': 33.33333333333333, 'λόγον = और': 33.33333333333333, 'τὸν λόγον = वचन को': 33.33333333333333}","[1, 1, 1]",1,1,1.0,0.0,3,0.3333333333333333,0.0,1,2,1.3333333333333333,0.4714045207910317,4,0.3333333333333333,0.11785113019775792,0,0,0.0,0.0,0,0.0,0.0,1,2,1.3333333333333333,0.4714045207910317,4,0.3333333333333333,0.11785113019775792,0,0,0.0,0.0,0,0,0
"λόγος","λόγος","λόγος","G30560",2,"{'ὁ λόγος = वचन की': 50.0, 'ὁ λόγος = यह सन्देश': 50.0}","[1, 1]",1,1,1.0,0.0,2,0.5,0.0,2,2,2.0,0.0,4,0.5,0.0,0,0,0.0,0.0,0,0.0,0.0,2,2,2.0,0.0,4,0.5,0.0,0,0,0.0,0.0,0,0,0
"λόγου","λόγου","λόγος","G30560",1,"{'λόγου = सन्देश को': 100.0}","[1]",1,1,1.0,0.0,1,1.0,0.0,1,1,1.0,0.0,1,1.0,0.0,0,0,0.0,0.0,0,0.0,0.0,2,2,2.0,0.0,2,1.0,0.0,0,0,0.0,0.0,0,0,0
"μάταιοι","μάταιοι","μάταιος","G31520",2,"{'μάταιοι = व्यर्थ हैं': 50.0, 'μάταιοι = वे': 50.0}","[1, 1]",1,1,1.0,0.0,2,0.5,0.0,1,1,1.0,0.0,2,0.5,0.0,0,0,0.0,0.0,0,0.0,0.0,1,2,1.5,0.5,3,0.5,0.16666666666666666,0,0,0.0,0.0,0,0,0
"μάχας","μάχας","μάχη","G31630",1,"{'μάχας = उन झगड़ों से': 100.0}","[1]",1,1,1.0,0.0,1,1.0,0.0,1,1,1.0,0.0,1,1.0,0.0,0,0,0.0,0.0,0,0.0,0.0,3,3,3.0,0.0,3,1.0,0.0,0,0,0.0,0.0,0,0,0
"μίαν","μίαν","εἷς","G15200",1,"{'μίαν = एक': 100.0}","[1]",1,1,1.0,0.0,1,1.0,0.0,1,1,1.0,0.0,1,1.0,0.0,0,0,0.0,0.0,0,0.0,0.0,1,1,1.0,0.0,1,1.0,0.0,0,0,0.0,0.0,0,0,0
"μακαρίαν","μακαρίαν","μακάριος","G31070",1,"{'τὴν μακαρίαν = उस धन्य': 100.0}","[1]",1,1,1.0,0.0,1,1.0,0.0,2,2,2.0,0.0,2,1.0,0.0,0,0,0.0,0.0,0,0.0,0.0,2,2,2.0,0.0,2,1.0,0.0,0,0,0.0,0.0,0,0,0
"μαρτυρία","μαρτυρία","μαρτυρία","G31410",2,"{'ἡ μαρτυρία = गवाही': 100.0}","[2]",2,2,2.0,0.0,2,1.0,0.0,2,2,2.0,0.0,4,0.5,0.0,0,0,0.0,0.0,0,0.0,0.0,1,1,1.0,0.0,2,0.5,0.0,0,0,0.0,0.0,0,0,0
"μαρτυρούντων","μαρτυρούντων","μαρτυρέω","G31400",1,"{'μαρτυρούντων = गवाही दी': 100.0}","[1]",1,1,1.0,0.0,1,1.0,0.0,1,1,1.0,0.0,1,1.0,0.0,0,0,0.0,0.0,0,0.0,0.0,2,2,2.0,0.0,2,1.0,0.0,0,0,0.0,0.0,0,0,0
"μαρτυροῦμεν","μαρτυροῦμεν","μαρτυρέω","G31400",1,"{'μαρτυροῦμεν = गवाही देते हैं': 100.0}","[1]",1,1,1.0,0.0,1,1.0,0.0,1,1,1.0,0.0,1,1.0,0.0,0,0,0.0,0.0,0,0.0,0.0,3,3,3.0,0.0,3,1.0,0.0,0,0,0.0,0.0,0,0,0
"ματαιολόγοι","ματαιολόγοι","ματαιολόγος","G31510",1,"{'ματαιολόγοι = निरंकुश बकवादी': 100.0}","[1]",1,1,1.0,0.0,1,1.0,0.0,1,1,1.0,0.0,1,1.0,0.0,0,0,0.0,0.0,0,0.0,0.0,2,2,2.0,0.0,2,1.0,0.0,0,0,0.0,0.0,0,0,0
"μεγάλου","μεγάλου","μέγας","G31730",1,"{'τοῦ μεγάλου = महान': 100.0}","[1]",1,1,1.0,0.0,1,1.0,0.0,2,2,2.0,0.0,2,1.0,0.0,0,0,0.0,0.0,0,0.0,0.0,1,1,1.0,0.0,1,1.0,0.0,0,0,0.0,0.0,0,0,0
"μεμίανται","μεμίανται","μιαίνω","G33920",1,"{'μεμίανται = अशुद्ध है': 100.0}","[1]",1,1,1.0,0.0,1,1.0,0.0,1,1,1.0,0.0,1,1.0,0.0,0,0,0.0,0.0,0,0.0,0.0,2,2,2.0,0.0,2,1.0,0.0,0,0,0.0,0.0,0,0,0
"μεμαρτύρηται","μεμαρτύρηται","μαρτυρέω","G31400",1,"{'μεμαρτύρηται = गवाही दी गई': 100.0}","[1]",1,1,1.0,0.0,1,1.0,0.0,1,1,1.0,0.0,1,1.0,0.0,0,0,0.0,0.0,0,0.0,0.0,3,3,3.0,0.0,3,1.0,0.0,0,0,0.0,0.0,0,0,0
"μεμιαμμένοις","μεμιαμμένοις","μιαίνω","G33920",1,"{'μεμιαμμένοις = अशुद्ध': 100.0}","[1]",1,1,1.0,0.0,1,1.0,0.0,1,1,1.0,0.0,1,1.0,0.0,0,0,0.0,0.0,0,0.0,0.0,1,1,1.0,0.0,1,1.0,0.0,0,0,0.0,0.0,0,0,0
"μιμοῦ","μιμοῦ","μιμέομαι","G34010",1,"{'μιμοῦ = अनुयायी हो': 100.0}","[1]",1,1,1.0,0.0,1,1.0,0.0,1,1,1.0,0.0,1,1.0,0.0,0,0,0.0,0.0,0,0.0,0.0,2,2,2.0,0.0,2,1.0,0.0,0,0,0.0,0.0,0,0,0
"μισοῦντες","μισοῦντες","μισέω","G34040",2,"{'μισοῦντες = और': 50.0, 'μισοῦντες = बैर रखते थे': 50.0}","[1, 1]",1,1,1.0,0.0,2,0.5,0.0,1,1,1.0,0.0,2,0.5,0.0,0,0,0.0,0.0,0,0.0,0.0,1,3,2.0,1.0,4,0.5,0.25,0,0,0.0,0.0,0,0,0
"μιᾶς","μιᾶς","εἷς","G15200",1,"{'μιᾶς = एक ही': 100.0}","[1]",1,1,1.0,0.0,1,1.0,0.0,1,1,1.0,0.0,1,1.0,0.0,0,0,0.0,0.0,0,0.0,0.0,2,2,2.0,0.0,2,1.0,0.0,0,0,0.0,0.0,0,0,0
"μωρὰς","μωρὰς","μωρός","G34740",1,"{'μωρὰς = मूर्खता के': 100.0}","[1]",1,1,1.0,0.0,1,1.0,0.0,1,1,1.0,0.0,1,1.0,0.0,0,0,0.0,0.0,0,0.0,0.0,2,2,2.0,0.0,2,1.0,0.0,0,0,0.0,0.0,0,0,0
"νομικὰς","νομικὰς","νομικός","G35440",1,"{'νομικὰς = जो व्यवस्था के विषय में हों': 100.0}","[1]",1,1,1.0,0.0,1,1.0,0.0,1,1,1.0,0.0,1,1.0,0.0,0,0,0.0,0.0,0,0.0,0.0,6,6,6.0,0.0,6,1.0,0.0,0,0,0.0,0.0,0,0,0
"νομικὸν","νομικὸν","νομικός","G35440",1,"{'τὸν νομικὸν = व्यवस्थापक': 100.0}","[1]",1,1,1.0,0.0,1,1.0,0.0,2,2,2.0,0.0,2,1.0,0.0,0,0,0.0,0.0,0,0.0,0.0,1,1,1.0,0.0,1,1.0,0.0,0,0,0.0,0.0,0,0,0
"νουθεσίαν","νουθεσίαν","νουθεσία","G35590",1,"{'νουθεσίαν = चेतावनी देकर': 100.0}","[1]",1,1,1.0,0.0,1,1.0,0.0,1,1,1.0,0.0,1,1.0,0.0,0,0,0.0,0.0,0,0.0,0.0,2,2,2.0,0.0,2,1.0,0.0,0,0,0.0,0.0,0,0,0
"νοῦς","νοῦς","νοῦς","G35630",1,"{'ὁ νοῦς = बुद्धि': 100.0}","[1]",1,1,1.0,0.0,1,1.0,0.0,2,2,2.0,0.0,2,1.0,0.0,0,0,0.0,0.0,0,0.0,0.0,1,1,1.0,0.0,1,1.0,0.0,0,0,0.0,0.0,0,0,0
"οἰκονόμον","οἰκονόμον","οἰκονόμος","G36230",1,"{'οἰκονόμον = भण्डारी है': 100.0}","[1]",1,1,1.0,0.0,1,1.0,0.0,1,1,1.0,0.0,1,1.0,0.0,0,0,0.0,0.0,0,0.0,0.0,2,2,2.0,0.0,2,1.0,0.0,0,0,0.0,0.0,0,0,0
"οἴκους","οἴκους","οἶκος","G36240",1,"{'οἴκους = घरानों को': 100.0}","[1]",1,1,1.0,0.0,1,1.0,0.0,1,1,1.0,0.0,1,1.0,0.0,0,0,0.0,0.0,0,0.0,0.0,2,2,2.0,0.0,2,1.0,0.0,0,0,0.0,0.0,0,0,0
"οἴνῳ","οἴνῳ","οἶνος","G36310",1,"{'οἴνῳ = दाखरस की': 100.0}","[1]",1,1,1.0,0.0,1,1.0,0.0,1,1,1.0,0.0,1,1.0,0.0,0,0,0.0,0.0,0,0.0,0.0,2,2,2.0,0.0,2,1.0,0.0,0,0,0.0,0.0,0,0,0
"οἶδας","οἶδας","οἶδα","G14920",2,"{'οἶδας = है': 50.0, 'οἶδας = तू जानता': 50.0}","[1, 1]",1,1,1.0,0.0,2,0.5,0.0,1,1,1.0,0.0,2,0.5,0.0,0,0,0.0,0.0,0,0.0,0.0,1,2,1.5,0.5,3,0.5,0.16666666666666666,0,0,0.0,0.0,0,0,0
"πάροινον","πάροινον","πάροινος","G39430",1,"{'πάροινον = पियक्कड़': 100.0}","[1]",1,1,1.0,0.0,1,1.0,0.0,1,1,1.0,0.0,1,1.0,0.0,0,0,0.0,0.0,0,0.0,0.0,1,1,1.0,0.0,1,1.0,0.0,0,0,0.0,0.0,0,0,0
"πέμψω","πέμψω","πέμπω","G39920",2,"{'πέμψω = भेजूँ': 50.0, 'πέμψω = मैं': 50.0}","[1, 1]",1,1,1.0,0.0,2,0.5,0.0,1,1,1.0,0.0,2,0.5,0.0,0,0,0.0,0.0,0,0.0,0.0,1,1,1.0,0.0,2,0.5,0.0,0,0,0.0,0.0,0,0,0
"πίστει","πίστει","πίστις","G41020",4,"{'τῇ πίστει = और उनका विश्वास': 25.0, 'πίστει = विश्वास': 25.0, 'τῇ πίστει = विश्वास': 25.0, 'πίστει = और': 25.0}","[1, 1, 1, 1]",1,1,1.0,0.0,4,0.25,0.0,1,2,1.5,0.5,6,0.25,0.08333333333333333,0,0,0.0,0.0,0,0.0,0.0,1,3,1.5,0.8660254037844386,6,0.25,0.14433756729740646,0,0,0.0,0.0,0,0,0
"πίστιν","πίστιν","πίστις","G41020",4,"{'πίστιν = विश्वास की': 25.0, 'πίστιν = विश्वास के': 25.0, 'πίστιν = जो': 25.0, 'πίστιν = विश्वासयोग्यता का': 25.0}","[1, 1, 1, 1]",1,1,1.0,0.0,4,0.25,0.0,1,1,1.0,0.0,4,0.25,0.0,0,0,0.0,0.0,0,0.0,0.0,1,2,1.75,0.4330127018922193,7,0.25,0.06185895741317418,0,0,0.0,0.0,0,0,0
"παιδεύουσα","παιδεύουσα","παιδεύω","G38110",1,"{'παιδεύουσα = चिताता है': 100.0}","[1]",1,1,1.0,0.0,1,1.0,0.0,1,1,1.0,0.0,1,1.0,0.0,0,0,0.0,0.0,0,0.0,0.0,2,2,2.0,0.0,2,1.0,0.0,0,0,0.0,0.0,0,0,0
"παλινγενεσίας","παλινγενεσίας","παλινγενεσία","G38240",1,"{'παλινγενεσίας = नये जन्म के': 100.0}","[1]",1,1,1.0,0.0,1,1.0,0.0,1,1,1.0,0.0,1,1.0,0.0,0,0,0.0,0.0,0,0.0,0.0,3,3,3.0,0.0,3,1.0,0.0,0,0,0.0,0.0,0,0,0
"παραιτοῦ","παραιτοῦ","παραιτέομαι","G38680",1,"{'παραιτοῦ = अलग रह': 100.0}","[1]",1,1,1.0,0.0,1,1.0,0.0,1,1,1.0,0.0,1,1.0,0.0,0,0,0.0,0.0,0,0.0,0.0,2,2,2.0,0.0,2,1.0,0.0,0,0,0.0,0.0,0,0,0
"παρακάλει","παρακάλει","παρακαλέω","G38700",2,"{'παρακάλει = समझाया कर': 50.0, 'παρακάλει = समझा': 50.0}","[1, 1]",1,1,1.0,0.0,2,0.5,0.0,1,1,1.0,0.0,2,0.5,0.0,0,0,0.0,0.0,0,0.0,0.0,1,2,1.5,0.5,3,0.5,0.16666666666666666,0,0,0.0,0.0,0,0,0
"παρακαλεῖν","παρακαλεῖν","παρακαλέω","G38700",1,"{'παρακαλεῖν = दूसरों को उत्साहित': 100.0}","[1]",1,1,1.0,0.0,1,1.0,0.0,1,1,1.0,0.0,1,1.0,0.0,0,0,0.0,0.0,0,0.0,0.0,3,3,3.0,0.0,3,1.0,0.0,0,0,0.0,0.0,0,0,0
"πειθαρχεῖν","πειθαρχεῖν","πειθαρχέω","G39800",1,"{'πειθαρχεῖν = उनकी आज्ञा मानें': 100.0}","[1]",1,1,1.0,0.0,1,1.0,0.0,1,1,1.0,0.0,1,1.0,0.0,0,0,0.0,0.0,0,0.0,0.0,3,3,3.0,0.0,3,1.0,0.0,0,0,0.0,0.0,0,0,0
"πεπιστευκότες","πεπιστευκότες","πιστεύω","G41000",1,"{'πεπιστευκότες = विश्वास किया है': 100.0}","[1]",1,1,1.0,0.0,1,1.0,0.0,1,1,1.0,0.0,1,1.0,0.0,0,0,0.0,0.0,0,0.0,0.0,3,3,3.0,0.0,3,1.0,0.0,0,0,0.0,0.0,0,0,0
"περιπατεῖς","περιπατεῖς","περιπατέω","G40430",1,"{'περιπατεῖς = चल रहा है': 100.0}","[1]",1,1,1.0,0.0,1,1.0,0.0,1,1,1.0,0.0,1,1.0,0.0,0,0,0.0,0.0,0,0.0,0.0,3,3,3.0,0.0,3,1.0,0.0,0,0,0.0,0.0,0,0,0
"περιπατοῦντα","περιπατοῦντα","περιπατέω","G40430",1,"{'περιπατοῦντα = चल रहे हैं': 100.0}","[1]",1,1,1.0,0.0,1,1.0,0.0,1,1,1.0,0.0,1,1.0,0.0,0,0,0.0,0.0,0,0.0,0.0,3,3,3.0,0.0,3,1.0,0.0,0,0,0.0,0.0,0,0,0
"περιτομῆς","περιτομῆς","περιτομή","G40610",1,"{'τῆς περιτομῆς = खतनावालों में': 100.0}","[1]",1,1,1.0,0.0,1,1.0,0.0,2,2,2.0,0.0,2,1.0,0.0,0,0,0.0,0.0,0,0.0,0.0,2,2,2.0,0.0,2,1.0,0.0,0,0,0.0,0.0,0,0,0
"πιστά","πιστά","πιστός","G41030",1,"{'πιστά = विश्वास्योग्य': 100.0}","[1]",1,1,1.0,0.0,1,1.0,0.0,1,1,1.0,0.0,1,1.0,0.0,0,0,0.0,0.0,0,0.0,0.0,1,1,1.0,0.0,1,1.0,0.0,0,0,0.0,0.0,0,0,0
"πιστοῦ","πιστοῦ","πιστός","G41030",1,"{'πιστοῦ = विश्वसनीय': 100.0}","[1]",1,1,1.0,0.0,1,1.0,0.0,1,1,1.0,0.0,1,1.0,0.0,0,0,0.0,0.0,0,0.0,0.0,1,1,1.0,0.0,1,1.0,0.0,0,0,0.0,0.0,0,0,0
"πιστὸν","πιστὸν","πιστός","G41030",1,"{'πιστὸν = विश्वासयोग्य': 100.0}","[1]",1,1,1.0,0.0,1,1.0,0.0,1,1,1.0,0.0,1,1.0,0.0,0,0,0.0,0.0,0,0.0,0.0,1,1,1.0,0.0,1,1.0,0.0,0,0,0.0,0.0,0,0,0
"πιστὸς","πιστὸς","πιστός","G41030",1,"{'πιστὸς = विश्\u200dवसनीय है': 100.0}","[1]",1,1,1.0,0.0,1,1.0,0.0,1,1,1.0,0.0,1,1.0,0.0,0,0,0.0,0.0,0,0.0,0.0,2,2,2.0,0.0,2,1.0,0.0,0,0,0.0,0.0,0,0,0
"πλανώμενοι","πλανώμενοι","πλανάω","G41050",1,"{'πλανώμενοι = हम भ्रम में पड़े': 100.0}","[1]",1,1,1.0,0.0,1,1.0,0.0,1,1,1.0,0.0,1,1.0,0.0,0,0,0.0,0.0,0,0.0,0.0,4,4,4.0,0.0,4,1.0,0.0,0,0,0.0,0.0,0,0,0
"ποιήσεις","ποιήσεις","ποιέω","G41600",2,"{'ποιήσεις = तू': 50.0, 'ποιήσεις = प्रकार से': 50.0}","[1, 1]",1,1,1.0,0.0,2,0.5,0.0,1,1,1.0,0.0,2,0.5,0.0,0,0,0.0,0.0,0,0.0,0.0,1,2,1.5,0.5,3,0.5,0.16666666666666666,0,0,0.0,0.0,0,0,0
"ποιεῖ","ποιεῖ","ποιέω","G41600",1,"{'ποιεῖ = वह कर रहा है': 100.0}","[1]",1,1,1.0,0.0,1,1.0,0.0,1,1,1.0,0.0,1,1.0,0.0,0,0,0.0,0.0,0,0.0,0.0,4,4,4.0,0.0,4,1.0,0.0,0,0,0.0,0.0,0,0,0
"ποιεῖς","ποιεῖς","ποιέω","G41600",2,"{'ποιεῖς = तू': 50.0, 'ποιεῖς = कार्य कर रहा है': 50.0}","[1, 1]",1,1,1.0,0.0,2,0.5,0.0,1,1,1.0,0.0,2,0.5,0.0,0,0,0.0,0.0,0,0.0,0.0,1,4,2.5,1.5,5,0.5,0.3,0,0,0.0,0.0,0,0,0
"πονηροῖς","πονηροῖς","πονηρός","G41900",1,"{'πονηροῖς = दुष्ट': 100.0}","[1]",1,1,1.0,0.0,1,1.0,0.0,1,1,1.0,0.0,1,1.0,0.0,0,0,0.0,0.0,0,0.0,0.0,1,1,1.0,0.0,1,1.0,0.0,0,0,0.0,0.0,0,0,0
"ποτε","ποτε","ποτέ","G42180",1,"{'ποτε = पहले': 100.0}","[1]",1,1,1.0,0.0,1,1.0,0.0,1,1,1.0,0.0,1,1.0,0.0,0,0,0.0,0.0,0,0.0,0.0,1,1,1.0,0.0,1,1.0,0.0,0,0,0.0,0.0,0,0,0
"πραΰτητα","πραΰτητα","πραΰτης","G42400",1,"{'πραΰτητα = नम्रता के': 100.0}","[1]",1,1,1.0,0.0,1,1.0,0.0,1,1,1.0,0.0,1,1.0,0.0,0,0,0.0,0.0,0,0.0,0.0,2,2,2.0,0.0,2,1.0,0.0,0,0,0.0,0.0,0,0,0
"πρεσβυτέρους","πρεσβυτέρους","πρεσβύτερος","G42450",1,"{'πρεσβυτέρους = प्राचीनों को': 100.0}","[1]",1,1,1.0,0.0,1,1.0,0.0,1,1,1.0,0.0,1,1.0,0.0,0,0,0.0,0.0,0,0.0,0.0,2,2,2.0,0.0,2,1.0,0.0,0,0,0.0,0.0,0,0,0
"πρεσβύτας","πρεσβύτας","πρεσβύτης","G42460",1,"{'πρεσβύτας = वृद्ध पुरुष': 100.0}","[1]",1,1,1.0,0.0,1,1.0,0.0,1,1,1.0,0.0,1,1.0,0.0,0,0,0.0,0.0,0,0.0,0.0,2,2,2.0,0.0,2,1.0,0.0,0,0,0.0,0.0,0,0,0
"πρεσβύτερος","πρεσβύτερος","πρεσβύτερος","G42450",1,"{'ὁ πρεσβύτερος = प्राचीन': 100.0}","[1]",1,1,1.0,0.0,1,1.0,0.0,2,2,2.0,0.0,2,1.0,0.0,0,0,0.0,0.0,0,0.0,0.0,1,1,1.0,0.0,1,1.0,0.0,0,0,0.0,0.0,0,0,0
"προΐστασθαι","προΐστασθαι","προΐστημι","G42910",2,"{'προΐστασθαι = लगे रहना': 50.0, 'προΐστασθαι = लगे रहने का': 50.0}","[1, 1]",1,1,1.0,0.0,2,0.5,0.0,1,1,1.0,0.0,2,0.5,0.0,0,0,0.0,0.0,0,0.0,0.0,2,3,2.5,0.5,5,0.5,0.1,0,0,0.0,0.0,0,0,0
"προπέμψας","προπέμψας","προπέμπω","G43110",2,"{'προπέμψας = उनकी यात्रा पर': 50.0, 'προπέμψας = ऐसे विदा करना': 50.0}","[1, 1]",1,1,1.0,0.0,2,0.5,0.0,1,1,1.0,0.0,2,0.5,0.0,0,0,0.0,0.0,0,0.0,0.0,3,3,3.0,0.0,6,0.5,0.0,0,0,0.0,0.0,0,0,0
"προσέχοντες","προσέχοντες","προσέχω","G43370",1,"{'προσέχοντες = मन लगाएँ': 100.0}","[1]",1,1,1.0,0.0,1,1.0,0.0,1,1,1.0,0.0,1,1.0,0.0,0,0,0.0,0.0,0,0.0,0.0,2,2,2.0,0.0,2,1.0,0.0,0,0,0.0,0.0,0,0,0
"προσδεχόμενοι","προσδεχόμενοι","προσδέχομαι","G43270",3,"{'προσδεχόμενοι = प्राप्त करने': 33.33333333333333, 'προσδεχόμενοι = की प्रतीक्षा करते हैं': 33.33333333333333, 'προσδεχόμενοι = जब हम': 33.33333333333333}","[1, 1, 1]",1,1,1.0,0.0,3,0.3333333333333333,0.0,1,1,1.0,0.0,3,0.3333333333333333,0.0,0,0,0.0,0.0,0,0.0,0.0,2,4,2.6666666666666665,0.9428090415820634,8,0.3333333333333333,0.11785113019775792,0,0,0.0,0.0,0,0,0
"προφήτης","προφήτης","προφήτης","G43960",1,"{'προφήτης = भविष्यद्वक्ता': 100.0}","[1]",1,1,1.0,0.0,1,1.0,0.0,1,1,1.0,0.0,1,1.0,0.0,0,0,0.0,0.0,0,0.0,0.0,1,1,1.0,0.0,1,1.0,0.0,0,0,0.0,0.0,0,0,0
"πρόπεμψον","πρόπεμψον","προπέμπω","G43110",1,"{'πρόπεμψον = आगे पहुँचा दे': 100.0}","[1]",1,1,1.0,0.0,1,1.0,0.0,1,1,1.0,0.0,1,1.0,0.0,0,0,0.0,0.0,0,0.0,0.0,3,3,3.0,0.0,3,1.0,0.0,0,0,0.0,0.0,0,0,0
"σεμνούς","σεμνούς","σεμνός","G45860",1,"{'σεμνούς = गम्भीर': 100.0}","[1]",1,1,1.0,0.0,1,1.0,0.0,1,1,1.0,0.0,1,1.0,0.0,0,0,0.0,0.0,0,0.0,0.0,1,1,1.0,0.0,1,1.0,0.0,0,0,0.0,0.0,0,0,0
"συνείδησις","συνείδησις","συνείδησις","G48930",1,"{'ἡ συνείδησις = विवेक': 100.0}","[1]",1,1,1.0,0.0,1,1.0,0.0,2,2,2.0,0.0,2,1.0,0.0,0,0,0.0,0.0,0,0.0,0.0,1,1,1.0,0.0,1,1.0,0.0,0,0,0.0,0.0,0,0,0
"συνεργοὶ","συνεργοὶ","συνεργός","G49040",1,"{'συνεργοὶ = सहकर्मी': 100.0}","[1]",1,1,1.0,0.0,1,1.0,0.0,1,1,1.0,0.0,1,1.0,0.0,0,0,0.0,0.0,0,0.0,0.0,1,1,1.0,0.0,1,1.0,0.0,0,0,0.0,0.0,0,0,0
"σωτήριος","σωτήριος","σωτήριος","G49920",1,"{'σωτήριος = उद्धार के लिए': 100.0}","[1]",1,1,1.0,0.0,1,1.0,0.0,1,1,1.0,0.0,1,1.0,0.0,0,0,0.0,0.0,0,0.0,0.0,3,3,3.0,0.0,3,1.0,0.0,0,0,0.0,0.0,0,0,0
"σωφρονεῖν","σωφρονεῖν","σωφρονέω","G49930",1,"{'σωφρονεῖν = कि विवेकपूर्ण हों': 100.0}","[1]",1,1,1.0,0.0,1,1.0,0.0,1,1,1.0,0.0,1,1.0,0.0,0,0,0.0,0.0,0,0.0,0.0,3,3,3.0,0.0,3,1.0,0.0,0,0,0.0,0.0,0,0,0
"σώφρονα","σώφρονα","σώφρων","G49980",1,"{'σώφρονα = विवेकपूर्ण': 100.0}","[1]",1,1,1.0,0.0,1,1.0,0.0,1,1,1.0,0.0,1,1.0,0.0,0,0,0.0,0.0,0,0.0,0.0,1,1,1.0,0.0,1,1.0,0.0,0,0,0.0,0.0,0,0,0
"σώφρονας","σώφρονας","σώφρων","G49980",2,"{'σώφρονας = और विवेकपूर्ण': 100.0}","[2]",2,2,2.0,0.0,2,1.0,0.0,1,1,1.0,0.0,2,0.5,0.0,0,0,0.0,0.0,0,0.0,0.0,2,2,2.0,0.0,4,0.5,0.0,0,0,0.0,0.0,0,0,0
"τέκνα","τέκνα","τέκνον","G50430",2,"{'τὰ τέκνα = बच्चे': 50.0, 'τέκνα = बच्चे': 50.0}","[1, 1]",1,1,1.0,0.0,2,0.5,0.0,1,2,1.5,0.5,3,0.5,0.16666666666666666,0,1,0.5,0.5,1,0.5,0.5,1,1,1.0,0.0,2,0.5,0.0,0,0,0.0,0.0,0,0,0
"τέκνῳ","τέκνῳ","τέκνον","G50430",1,"{'τέκνῳ = पुत्र है': 100.0}","[1]",1,1,1.0,0.0,1,1.0,0.0,1,1,1.0,0.0,1,1.0,0.0,0,0,0.0,0.0,0,0.0,0.0,2,2,2.0,0.0,2,1.0,0.0,0,0,0.0,0.0,0,0,0
"τοιούτους","τοιούτους","τοιοῦτος","G51080",1,"{'τοὺς τοιούτους = ऐसों का': 100.0}","[1]",1,1,1.0,0.0,1,1.0,0.0,2,2,2.0,0.0,2,1.0,0.0,0,0,0.0,0.0,0,0.0,0.0,2,2,2.0,0.0,2,1.0,0.0,0,0,0.0,0.0,0,0,0
"τοιοῦτος","τοιοῦτος","τοιοῦτος","G51080",1,"{'ὁ τοιοῦτος = ऐसा मनुष्य': 100.0}","[1]",1,1,1.0,0.0,1,1.0,0.0,2,2,2.0,0.0,2,1.0,0.0,0,0,0.0,0.0,0,0.0,0.0,2,2,2.0,0.0,2,1.0,0.0,0,0,0.0,0.0,0,0,0
"φαῦλον","φαῦλον","φαῦλος","G53370",1,"{'φαῦλον = बुरा': 100.0}","[1]",1,1,1.0,0.0,1,1.0,0.0,1,1,1.0,0.0,1,1.0,0.0,0,0,0.0,0.0,0,0.0,0.0,1,1,1.0,0.0,1,1.0,0.0,0,0,0.0,0.0,0,0,0
"φθόνῳ","φθόνῳ","φθόνος","G53550",1,"{'φθόνῳ = और डाह करने': 100.0}","[1]",1,1,1.0,0.0,1,1.0,0.0,1,1,1.0,0.0,1,1.0,0.0,0,0,0.0,0.0,0,0.0,0.0,3,3,3.0,0.0,3,1.0,0.0,0,0,0.0,0.0,0,0,0
"φιλάγαθον","φιλάγαθον","φιλάγαθος","G53580",1,"{'φιλάγαθον = भलाई का चाहनेवाला': 100.0}","[1]",1,1,1.0,0.0,1,1.0,0.0,1,1,1.0,0.0,1,1.0,0.0,0,0,0.0,0.0,0,0.0,0.0,3,3,3.0,0.0,3,1.0,0.0,0,0,0.0,0.0,0,0,0
"φιλάνδρους","φιλάνδρους","φίλανδρος","G53620",1,"{'φιλάνδρους = कि वे अपने पतियों से प्रेम': 100.0}","[1]",1,1,1.0,0.0,1,1.0,0.0,1,1,1.0,0.0,1,1.0,0.0,0,0,0.0,0.0,0,0.0,0.0,6,6,6.0,0.0,6,1.0,0.0,0,0,0.0,0.0,0,0,0
"φιλανθρωπία","φιλανθρωπία","φιλανθρωπία","G53630",1,"{'ἡ φιλανθρωπία = मनुष्यों के लिए उसका प्रेम': 100.0}","[1]",1,1,1.0,0.0,1,1.0,0.0,2,2,2.0,0.0,2,1.0,0.0,0,0,0.0,0.0,0,0.0,0.0,5,5,5.0,0.0,5,1.0,0.0,0,0,0.0,0.0,0,0,0
"φιλοτέκνους","φιλοτέκνους","φιλότεκνος","G53880",1,"{'φιλοτέκνους = और अपने बच्चों से प्रेम रखें': 100.0}","[1]",1,1,1.0,0.0,1,1.0,0.0,1,1,1.0,0.0,1,1.0,0.0,0,0,0.0,0.0,0,0.0,0.0,6,6,6.0,0.0,6,1.0,0.0,0,0,0.0,0.0,0,0,0
"φιλοῦντας","φιλοῦντας","φιλέω","G53680",1,"{'φιλοῦντας = प्रेम रखते हैं': 100.0}","[1]",1,1,1.0,0.0,1,1.0,0.0,1,1,1.0,0.0,1,1.0,0.0,0,0,0.0,0.0,0,0.0,0.0,3,3,3.0,0.0,3,1.0,0.0,0,0,0.0,0.0,0,0,0
"φρεναπάται","φρεναπάται","φρεναπάτης","G54230",1,"{'φρεναπάται = धोखा देनेवाले': 100.0}","[1]",1,1,1.0,0.0,1,1.0,0.0,1,1,1.0,0.0,1,1.0,0.0,0,0,0.0,0.0,0,0.0,0.0,2,2,2.0,0.0,2,1.0,0.0,0,0,0.0,0.0,0,0,0
"χάρις","χάρις","χάρις","G54850",3,"{'ἡ χάρις = अनुग्रह': 66.66666666666666, 'χάρις = अनुग्रह': 33.33333333333333}","[2, 1]",1,2,1.5,0.5,3,0.5,0.16666666666666666,1,2,1.6666666666666667,0.4714045207910317,5,0.33333333333333337,0.09428090415820634,0,0,0.0,0.0,0,0.0,0.0,1,1,1.0,0.0,3,0.3333333333333333,0.0,0,0,0.0,0.0,0,0,0
"χάριτι","χάριτι","χάρις","G54850",1,"{'χάριτι = अनुग्रह से': 100.0}","[1]",1,1,1.0,0.0,1,1.0,0.0,1,1,1.0,0.0,1,1.0,0.0,0,0,0.0,0.0,0,0.0,0.0,2,2,2.0,0.0,2,1.0,0.0,0,0,0.0,0.0,0,0,0
"χαράν","χαράν","χαρά","G54790",1,"{'χαράν = आनन्द': 100.0}","[1]",1,1,1.0,0.0,1,1.0,0.0,1,1,1.0,0.0,1,1.0,0.0,0,0,0.0,0.0,0,0.0,0.0,1,1,1.0,0.0,1,1.0,0.0,0,0,0.0,0.0,0,0,0
"χρηστότης","χρηστότης","χρηστότης","G55440",1,"{'ἡ χρηστότης = कृपा': 100.0}","[1]",1,1,1.0,0.0,1,1.0,0.0,2,2,2.0,0.0,2,1.0,0.0,0,0,0.0,0.0,0,0.0,0.0,1,1,1.0,0.0,1,1.0,0.0,0,0,0.0,0.0,0,0,0
"χρόνων","χρόνων","χρόνος","G55500",1,"{'χρόνων = समय': 100.0}","[1]",1,1,1.0,0.0,1,1.0,0.0,1,1,1.0,0.0,1,1.0,0.0,0,0,0.0,0.0,0,0.0,0.0,1,1,1.0,0.0,1,1.0,0.0,0,0,0.0,0.0,0,0,0
"ψυχή","ψυχή","ψυχή","G55900",1,"{'ἡ ψυχή = आत्मिक': 100.0}","[1]",1,1,1.0,0.0,1,1.0,0.0,2,2,2.0,0.0,2,1.0,0.0,0,0,0.0,0.0,0,0.0,0.0,1,1,1.0,0.0,1,1.0,0.0,0,0,0.0,0.0,0,0,0
"ἀγάπῃ","ἀγάπῃ","ἀγάπη","G00260",2,"{'τῇ ἀγάπῃ = प्रेम': 50.0, 'τῇ ἀγάπῃ = प्रेम की': 50.0}","[1, 1]",1,1,1.0,0.0,2,0.5,0.0,2,2,2.0,0.0,4,0.5,0.0,0,0,0.0,0.0,0,0.0,0.0,1,2,1.5,0.5,3,0.5,0.16666666666666666,0,0,0.0,0.0,0,0,0
"ἀγαθάς","ἀγαθάς","ἀγαθός","G00180",1,"{'ἀγαθάς = अच्छी': 100.0}","[1]",1,1,1.0,0.0,1,1.0,0.0,1,1,1.0,0.0,1,1.0,0.0,0,0,0.0,0.0,0,0.0,0.0,1,1,1.0,0.0,1,1.0,0.0,0,0,0.0,0.0,0,0,0
"ἀγαθήν","ἀγαθήν","ἀγαθός","G00180",1,"{'ἀγαθήν = पूर्ण रूप से': 100.0}","[1]",1,1,1.0,0.0,1,1.0,0.0,1,1,1.0,0.0,1,1.0,0.0,0,0,0.0,0.0,0,0.0,0.0,3,3,3.0,0.0,3,1.0,0.0,0,0,0.0,0.0,0,0,0
"ἀγαθοποιῶν","ἀγαθοποιῶν","ἀγαθοποιέω","G00150",1,"{'ἀγαθοποιῶν = भलाई करता है': 100.0}","[1]",1,1,1.0,0.0,1,1.0,0.0,1,1,1.0,0.0,1,1.0,0.0,0,0,0.0,0.0,0,0.0,0.0,3,3,3.0,0.0,3,1.0,0.0,0,0,0.0,0.0,0,0,0
"ἀγαθόν","ἀγαθόν","ἀγαθός","G00180",1,"{'τὸ ἀγαθόν = भलाई के': 100.0}","[1]",1,1,1.0,0.0,1,1.0,0.0,2,2,2.0,0.0,2,1.0,0.0,0,0,0.0,0.0,0,0.0,0.0,2,2,2.0,0.0,2,1.0,0.0,0,0,0.0,0.0,0,0,0
"ἀγαθὸν","ἀγαθὸν","ἀγαθός","G00180",3,"{'ἀγαθὸν = और': 33.33333333333333, 'ἀγαθὸν = भले': 33.33333333333333, 'ἀγαθὸν = अच्छे': 33.33333333333333}","[1, 1, 1]",1,1,1.0,0.0,3,0.3333333333333333,0.0,1,1,1.0,0.0,3,0.3333333333333333,0.0,0,0,0.0,0.0,0,0.0,0.0,1,1,1.0,0.0,3,0.3333333333333333,0.0,0,0,0.0,0.0,0,0,0
"ἀγαπητέ","ἀγαπητέ","ἀγαπητός","G00270",3,"{'ἀγαπητέ = हे प्रिय': 100.0}","[3]",3,3,3.0,0.0,3,1.0,0.0,1,1,1.0,0.0,3,0.3333333333333333,0.0,0,0,0.0,0.0,0,0.0,0.0,2,2,2.0,0.0,6,0.3333333333333333,0.0,0,0,0.0,0.0,0,0,0
"ἀγαπητῷ","ἀγαπητῷ","ἀγαπητός","G00270",1,"{'τῷ ἀγαπητῷ = प्रिय': 100.0}","[1]",1,1,1.0,0.0,1,1.0,0.0,2,2,2.0,0.0,2,1.0,0.0,0,0,0.0,0.0,0,0.0,0.0,1,1,1.0,0.0,1,1.0,0.0,0,0,0.0,0.0,0,0,0
"ἀγαπῶ","ἀγαπῶ","ἀγαπάω","G00250",1,"{'ἀγαπῶ = प्रेम करता हूँ': 100.0}","[1]",1,1,1.0,0.0,1,1.0,0.0,1,1,1.0,0.0,1,1.0,0.0,0,0,0.0,0.0,0,0.0,0.0,3,3,3.0,0.0,3,1.0,0.0,0,0,0.0,0.0,0,0,0
"ἀδελφοὺς","ἀδελφοὺς","ἀδελφός","G00800",2,"{'τοὺς ἀδελφοὺς = भाइयों को': 50.0, 'τοὺς ἀδελφοὺς = भाइयों': 50.0}","[1, 1]",1,1,1.0,0.0,2,0.5,0.0,2,2,2.0,0.0,4,0.5,0.0,0,0,0.0,0.0,0,0.0,0.0,1,2,1.5,0.5,3,0.5,0.16666666666666666,0,0,0.0,0.0,0,0,0
"ἀδελφῶν","ἀδελφῶν","ἀδελφός","G00800",1,"{'ἀδελφῶν = भाई': 100.0}","[1]",1,1,1.0,0.0,1,1.0,0.0,1,1,1.0,0.0,1,1.0,0.0,0,0,0.0,0.0,0,0.0,0.0,1,1,1.0,0.0,1,1.0,0.0,0,0,0.0,0.0,0,0,0
"ἀκούω","ἀκούω","ἀκούω","G01910",1,"{'ἀκούω = मैं सुनूँ कि': 100.0}","[1]",1,1,1.0,0.0,1,1.0,0.0,1,1,1.0,0.0,1,1.0,0.0,0,0,0.0,0.0,0,0.0,0.0,3,3,3.0,0.0,3,1.0,0.0,0,0,0.0,0.0,0,0,0
"ἀλήθειαν","ἀλήθειαν","ἀλήθεια","G02250",1,"{'τὴν ἀλήθειαν = सत्य से': 100.0}","[1]",1,1,1.0,0.0,1,1.0,0.0,2,2,2.0,0.0,2,1.0,0.0,0,0,0.0,0.0,0,0.0,0.0,2,2,2.0,0.0,2,1.0,0.0,0,0,0.0,0.0,0,0,0
"ἀληθής","ἀληθής","ἀληθής","G02270",2,"{'ἀληθής = सच': 50.0, 'ἀληθής = सच्ची': 50.0}","[1, 1]",1,1,1.0,0.0,2,0.5,0.0,1,1,1.0,0.0,2,0.5,0.0,0,0,0.0,0.0,0,0.0,0.0,1,1,1.0,0.0,2,0.5,0.0,0,0,0.0,0.0,0,0,0
"ἀληθείας","ἀληθείας","ἀλήθεια","G02250",2,"{'ἀληθείας = सत्य का': 50.0, 'τῆς ἀληθείας = सत्य': 50.0}","[1, 1]",1,1,1.0,0.0,2,0.5,0.0,1,2,1.5,0.5,3,0.5,0.16666666666666666,0,0,0.0,0.0,0,0.0,0.0,1,2,1.5,0.5,3,0.5,0.16666666666666666,0,0,0.0,0.0,0,0,0
"ἀληθείᾳ","ἀληθείᾳ","ἀλήθεια","G02250",5,"{'τῇ ἀληθείᾳ = सत्य की': 20.0, 'ἐν ἀληθείᾳ = सच्चा': 20.0, 'τῇ ἀληθείᾳ = सत्य के लिए': 20.0, 'τῇ ἀληθείᾳ = सत्य': 20.0, 'ἀληθείᾳ = सत्य': 20.0}","[1, 1, 1, 1, 1]",1,1,1.0,0.0,5,0.2,0.0,1,2,1.8,0.4,9,0.2,0.044444444444444446,0,0,0.0,0.0,0,0.0,0.0,1,3,1.6,0.8,8,0.2,0.1,0,0,0.0,0.0,0,0,0
"ἀμάχους","ἀμάχους","ἄμαχος","G02690",1,"{'ἀμάχους = शान्त': 100.0}","[1]",1,1,1.0,0.0,1,1.0,0.0,1,1,1.0,0.0,1,1.0,0.0,0,0,0.0,0.0,0,0.0,0.0,1,1,1.0,0.0,1,1.0,0.0,0,0,0.0,0.0,0,0,0
"ἀνέγκλητον","ἀνέγκλητον","ἀνέγκλητος","G04100",1,"{'ἀνέγκλητον = निर्दोष': 100.0}","[1]",1,1,1.0,0.0,1,1.0,0.0,1,1,1.0,0.0,1,1.0,0.0,0,0,0.0,0.0,0,0.0,0.0,1,1,1.0,0.0,1,1.0,0.0,0,0,0.0,0.0,0,0,0
"ἀνέγκλητος","ἀνέγκλητος","ἀνέγκλητος","G04100",1,"{'ἀνέγκλητος = निर्दोष और': 100.0}","[1]",1,1,1.0,0.0,1,1.0,0.0,1,1,1.0,0.0,1,1.0,0.0,0,0,0.0,0.0,0,0.0,0.0,2,2,2.0,0.0,2,1.0,0.0,0,0,0.0,0.0,0,0,0
"ἀνομίας","ἀνομίας","ἀνομία","G04580",1,"{'ἀνομίας = अधर्म': 100.0}","[1]",1,1,1.0,0.0,1,1.0,0.0,1,1,1.0,0.0,1,1.0,0.0,0,0,0.0,0.0,0,0.0,0.0,1,1,1.0,0.0,1,1.0,0.0,0,0,0.0,0.0,0,0,0
"ἀνυπότακτα","ἀνυπότακτα","ἀνυπότακτος","G05060",1,"{'ἀνυπότακτα = विद्रोह का': 100.0}","[1]",1,1,1.0,0.0,1,1.0,0.0,1,1,1.0,0.0,1,1.0,0.0,0,0,0.0,0.0,0,0.0,0.0,2,2,2.0,0.0,2,1.0,0.0,0,0,0.0,0.0,0,0,0
"ἀνυπότακτοι","ἀνυπότακτοι","ἀνυπότακτος","G05060",1,"{'καὶ ἀνυπότακτοι = विद्रोही लोग': 100.0}","[1]",1,1,1.0,0.0,1,1.0,0.0,2,2,2.0,0.0,2,1.0,0.0,0,0,0.0,0.0,0,0.0,0.0,2,2,2.0,0.0,2,1.0,0.0,0,0,0.0,0.0,0,0,0
"ἀνόητοι","ἀνόητοι","ἀνόητος","G04530",1,"{'ἀνόητοι = निर्बुद्धि': 100.0}","[1]",1,1,1.0,0.0,1,1.0,0.0,1,1,1.0,0.0,1,1.0,0.0,0,0,0.0,0.0,0,0.0,0.0,1,1,1.0,0.0,1,1.0,0.0,0,0,0.0,0.0,0,0,0
"ἀξίως","ἀξίως","ἀξίως","G05160",2,"{'ἀξίως = योग्य है': 50.0, 'ἀξίως = जैसे': 50.0}","[1, 1]",1,1,1.0,0.0,2,0.5,0.0,1,1,1.0,0.0,2,0.5,0.0,0,0,0.0,0.0,0,0.0,0.0,1,2,1.5,0.5,3,0.5,0.16666666666666666,0,0,0.0,0.0,0,0,0
"ἀπίστοις","ἀπίστοις","ἄπιστος","G05710",1,"{'ἀπίστοις = अविश्वासियों': 100.0}","[1]",1,1,1.0,0.0,1,1.0,0.0,1,1,1.0,0.0,1,1.0,0.0,0,0,0.0,0.0,0,0.0,0.0,1,1,1.0,0.0,1,1.0,0.0,0,0,0.0,0.0,0,0,0
"ἀπειθεῖς","ἀπειθεῖς","ἀπειθής","G05450",2,"{'ἀπειθεῖς = और आज्ञा न माननेवाले थे': 50.0, 'ἀπειθεῖς = आज्ञा न माननेवाले': 50.0}","[1, 1]",1,1,1.0,0.0,2,0.5,0.0,1,1,1.0,0.0,2,0.5,0.0,0,0,0.0,0.0,0,0.0,0.0,3,5,4.0,1.0,8,0.5,0.125,0,0,0.0,0.0,0,0,0
"ἀποστρεφομένων","ἀποστρεφομένων","ἀποστρέφω","G06540",2,"{'ἀποστρεφομένων = भटक जाते हैं': 50.0, 'ἀποστρεφομένων = जो': 50.0}","[1, 1]",1,1,1.0,0.0,2,0.5,0.0,1,1,1.0,0.0,2,0.5,0.0,0,0,0.0,0.0,0,0.0,0.0,1,3,2.0,1.0,4,0.5,0.25,0,0,0.0,0.0,0,0,0
"ἀπόστολος","ἀπόστολος","ἀπόστολος","G06520",1,"{'ἀπόστολος = प्रेरित जो': 100.0}","[1]",1,1,1.0,0.0,1,1.0,0.0,1,1,1.0,0.0,1,1.0,0.0,0,0,0.0,0.0,0,0.0,0.0,2,2,2.0,0.0,2,1.0,0.0,0,0,0.0,0.0,0,0,0
"ἀργαί","ἀργαί","ἀργός","G06920",2,"{'ἀργαί = हैं': 50.0, 'ἀργαί = आलसी': 50.0}","[1, 1]",1,1,1.0,0.0,2,0.5,0.0,1,1,1.0,0.0,2,0.5,0.0,0,0,0.0,0.0,0,0.0,0.0,1,1,1.0,0.0,2,0.5,0.0,0,0,0.0,0.0,0,0,0
"ἀρνησάμενοι","ἀρνησάμενοι","ἀρνέομαι","G07200",1,"{'ἀρνησάμενοι = मन फेरकर': 100.0}","[1]",1,1,1.0,0.0,1,1.0,0.0,1,1,1.0,0.0,1,1.0,0.0,0,0,0.0,0.0,0,0.0,0.0,2,2,2.0,0.0,2,1.0,0.0,0,0,0.0,0.0,0,0,0
"ἀρνοῦνται","ἀρνοῦνται","ἀρνέομαι","G07200",1,"{'ἀρνοῦνται = उसका इन्कार करते हैं': 100.0}","[1]",1,1,1.0,0.0,1,1.0,0.0,1,1,1.0,0.0,1,1.0,0.0,0,0,0.0,0.0,0,0.0,0.0,4,4,4.0,0.0,4,1.0,0.0,0,0,0.0,0.0,0,0,0
"ἀρχαῖς","ἀρχαῖς","ἀρχή","G07460",1,"{'ἀρχαῖς = हाकिमों और': 100.0}","[1]",1,1,1.0,0.0,1,1.0,0.0,1,1,1.0,0.0,1,1.0,0.0,0,0,0.0,0.0,0,0.0,0.0,2,2,2.0,0.0,2,1.0,0.0,0,0,0.0,0.0,0,0,0
"ἀσέβειαν","ἀσέβειαν","ἀσέβεια","G07630",2,"{'τὴν ἀσέβειαν = हम अभक्ति': 50.0, 'τὴν ἀσέβειαν = से': 50.0}","[1, 1]",1,1,1.0,0.0,2,0.5,0.0,2,2,2.0,0.0,4,0.5,0.0,0,0,0.0,0.0,0,0.0,0.0,1,2,1.5,0.5,3,0.5,0.16666666666666666,0,0,0.0,0.0,0,0,0
"ἁγνάς","ἁγνάς","ἁγνός","G00530",1,"{'ἁγνάς = शुद्ध': 100.0}","[1]",1,1,1.0,0.0,1,1.0,0.0,1,1,1.0,0.0,1,1.0,0.0,0,0,0.0,0.0,0,0.0,0.0,1,1,1.0,0.0,1,1.0,0.0,0,0,0.0,0.0,0,0,0
"ἁμαρτάνει","ἁμαρτάνει","ἁμαρτάνω","G02640",1,"{'ἁμαρτάνει = पाप करता रहता': 100.0}","[1]",1,1,1.0,0.0,1,1.0,0.0,1,1,1.0,0.0,1,1.0,0.0,0,0,0.0,0.0,0,0.0,0.0,3,3,3.0,0.0,3,1.0,0.0,0,0,0.0,0.0,0,0,0
"ἄκαρποι","ἄκαρποι","ἄκαρπος","G01750",1,"{'ἄκαρποι = निष्फल': 100.0}","[1]",1,1,1.0,0.0,1,1.0,0.0,1,1,1.0,0.0,1,1.0,0.0,0,0,0.0,0.0,0,0.0,0.0,1,1,1.0,0.0,1,1.0,0.0,0,0,0.0,0.0,0,0,0
"Ἀπολλῶν","Ἀπολλῶν","Ἀπολλῶς","G06250",1,"{'Ἀπολλῶν = अपुल्लोस को': 100.0}","[1]",1,1,1.0,0.0,1,1.0,0.0,1,1,1.0,0.0,1,1.0,0.0,0,0,0.0,0.0,0,0.0,0.0,2,2,2.0,0.0,2,1.0,0.0,0,0,0.0,0.0,0,0,0
"Ἁγίου","Ἁγίου","ἅγιος","G00400",1,"{'Ἁγίου = पवित्र': 100.0}","[1]",1,1,1.0,0.0,1,1.0,0.0,1,1,1.0,0.0,1,1.0,0.0,0,0,0.0,0.0,0,0.0,0.0,1,1,1.0,0.0,1,1.0,0.0,0,0,0.0,0.0,0,0,0
"ἐγκρατῆ","ἐγκρατῆ","ἐγκρατής","G14680",1,"{'ἐγκρατῆ = और संयमी हो': 100.0}","[1]",1,1,1.0,0.0,1,1.0,0.0,1,1,1.0,0.0,1,1.0,0.0,0,0,0.0,0.0,0,0.0,0.0,3,3,3.0,0.0,3,1.0,0.0,0,0,0.0,0.0,0,0,0
"ἐθνικῶν","ἐθνικῶν","ἐθνικός","G14820",1,"{'τῶν ἐθνικῶν = अन्यजातियों': 100.0}","[1]",1,1,1.0,0.0,1,1.0,0.0,2,2,2.0,0.0,2,1.0,0.0,0,0,0.0,0.0,0,0.0,0.0,1,1,1.0,0.0,1,1.0,0.0,0,0,0.0,0.0,0,0,0
"ἐκβάλλει","ἐκβάλλει","ἐκβάλλω","G15440",1,"{'ἐκβάλλει = निकाल देता है': 100.0}","[1]",1,1,1.0,0.0,1,1.0,0.0,1,1,1.0,0.0,1,1.0,0.0,0,0,0.0,0.0,0,0.0,0.0,3,3,3.0,0.0,3,1.0,0.0,0,0,0.0,0.0,0,0,0
"ἐκκλησίας","ἐκκλησίας","ἐκκλησία","G15770",2,"{'ἐκκλησίας = कलीसिया के': 50.0, 'τῆς ἐκκλησίας = कलीसिया': 50.0}","[1, 1]",1,1,1.0,0.0,2,0.5,0.0,1,2,1.5,0.5,3,0.5,0.16666666666666666,0,0,0.0,0.0,0,0.0,0.0,1,2,1.5,0.5,3,0.5,0.16666666666666666,0,0,0.0,0.0,0,0,0
"ἐκκλησίᾳ","ἐκκλησίᾳ","ἐκκλησία","G15770",1,"{'τῇ ἐκκλησίᾳ = कलीसिया को': 100.0}","[1]",1,1,1.0,0.0,1,1.0,0.0,2,2,2.0,0.0,2,1.0,0.0,0,0,0.0,0.0,0,0.0,0.0,2,2,2.0,0.0,2,1.0,0.0,0,0,0.0,0.0,0,0,0
"ἐκλεκτῶν","ἐκλεκτῶν","ἐκλεκτός","G15880",1,"{'ἐκλεκτῶν = चुने हुए लोगों के': 100.0}","[1]",1,1,1.0,0.0,1,1.0,0.0,1,1,1.0,0.0,1,1.0,0.0,0,0,0.0,0.0,0,0.0,0.0,4,4,4.0,0.0,4,1.0,0.0,0,0,0.0,0.0,0,0,0
"ἐλέγχειν","ἐλέγχειν","ἐλέγχω","G16510",1,"{'ἐλέγχειν = डाँटें': 100.0}","[1]",1,1,1.0,0.0,1,1.0,0.0,1,1,1.0,0.0,1,1.0,0.0,0,0,0.0,0.0,0,0.0,0.0,1,1,1.0,0.0,1,1.0,0.0,0,0,0.0,0.0,0,0,0
"ἐλθεῖν","ἐλθεῖν","ἔρχομαι","G20640",1,"{'ἐλθεῖν = आने का': 100.0}","[1]",1,1,1.0,0.0,1,1.0,0.0,1,1,1.0,0.0,1,1.0,0.0,0,0,0.0,0.0,0,0.0,0.0,2,2,2.0,0.0,2,1.0,0.0,0,0,0.0,0.0,0,0,0
"ἐλπίδα","ἐλπίδα","ἐλπίς","G16800",2,"{'ἐλπίδα = आशा को': 50.0, 'ἐλπίδα = दृढ़ आशा': 50.0}","[1, 1]",1,1,1.0,0.0,2,0.5,0.0,1,1,1.0,0.0,2,0.5,0.0,0,0,0.0,0.0,0,0.0,0.0,2,2,2.0,0.0,4,0.5,0.0,0,0,0.0,0.0,0,0,0
"ἐλπίδι","ἐλπίδι","ἐλπίς","G16800",1,"{'ἐλπίδι = आशा': 100.0}","[1]",1,1,1.0,0.0,1,1.0,0.0,1,1,1.0,0.0,1,1.0,0.0,0,0,0.0,0.0,0,0.0,0.0,1,1,1.0,0.0,1,1.0,0.0,0,0,0.0,0.0,0,0,0
"ἐλπίζω","ἐλπίζω","ἐλπίζω","G16790",1,"{'ἐλπίζω = मुझे आशा है कि': 100.0}","[1]",1,1,1.0,0.0,1,1.0,0.0,1,1,1.0,0.0,1,1.0,0.0,0,0,0.0,0.0,0,0.0,0.0,4,4,4.0,0.0,4,1.0,0.0,0,0,0.0,0.0,0,0,0
"ἐμαρτύρησάν","ἐμαρτύρησάν","μαρτυρέω","G31400",1,"{'ἐμαρτύρησάν = गवाही दी थी': 100.0}","[1]",1,1,1.0,0.0,1,1.0,0.0,1,1,1.0,0.0,1,1.0,0.0,0,0,0.0,0.0,0,0.0,0.0,3,3,3.0,0.0,3,1.0,0.0,0,0,0.0,0.0,0,0,0
"ἐντολαῖς","ἐντολαῖς","ἐντολή","G17850",1,"{'ἐντολαῖς = आज्ञाओं पर': 100.0}","[1]",1,1,1.0,0.0,1,1.0,0.0,1,1,1.0,0.0,1,1.0,0.0,0,0,0.0,0.0,0,0.0,0.0,2,2,2.0,0.0,2,1.0,0.0,0,0,0.0,0.0,0,0,0
"ἐντραπῇ","ἐντραπῇ","ἐντρέπω","G17880",1,"{'ἐντραπῇ = लज्जित हों': 100.0}","[1]",1,1,1.0,0.0,1,1.0,0.0,1,1,1.0,0.0,1,1.0,0.0,0,0,0.0,0.0,0,0.0,0.0,2,2,2.0,0.0,2,1.0,0.0,0,0,0.0,0.0,0,0,0
"ἐνώπιον","ἐνώπιον","ἐνώπιον","G17990",1,"{'ἐνώπιον = सामने': 100.0}","[1]",1,1,1.0,0.0,1,1.0,0.0,1,1,1.0,0.0,1,1.0,0.0,0,0,0.0,0.0,0,0.0,0.0,1,1,1.0,0.0,1,1.0,0.0,0,0,0.0,0.0,0,0,0
"ἐξέστραπται","ἐξέστραπται","ἐκστρέφω","G16120",1,"{'ἐξέστραπται = सही रास्ते से भटक गया है': 100.0}","[1]",1,1,1.0,0.0,1,1.0,0.0,1,1,1.0,0.0,1,1.0,0.0,0,0,0.0,0.0,0,0.0,0.0,6,6,6.0,0.0,6,1.0,0.0,0,0,0.0,0.0,0,0,0
"ἐξουσίαις","ἐξουσίαις","ἐξουσία","G18490",1,"{'ἐξουσίαις = अधिकारियों के': 100.0}","[1]",1,1,1.0,0.0,1,1.0,0.0,1,1,1.0,0.0,1,1.0,0.0,0,0,0.0,0.0,0,0.0,0.0,2,2,2.0,0.0,2,1.0,0.0,0,0,0.0,0.0,0,0,0
"ἐπίγνωσιν","ἐπίγνωσιν","ἐπίγνωσις","G19220",1,"{'ἐπίγνωσιν = ज्ञान': 100.0}","[1]",1,1,1.0,0.0,1,1.0,0.0,1,1,1.0,0.0,1,1.0,0.0,0,0,0.0,0.0,0,0.0,0.0,1,1,1.0,0.0,1,1.0,0.0,0,0,0.0,0.0,0,0,0
"ἐπίσκοπον","ἐπίσκοπον","ἐπίσκοπος","G19850",1,"{'τὸν ἐπίσκοπον = अध्यक्ष को': 100.0}","[1]",1,1,1.0,0.0,1,1.0,0.0,2,2,2.0,0.0,2,1.0,0.0,0,0,0.0,0.0,0,0.0,0.0,2,2,2.0,0.0,2,1.0,0.0,0,0,0.0,0.0,0,0,0
"ἐπηγγείλατο","ἐπηγγείλατο","ἐπαγγέλλω","G18610",2,"{'ἐπηγγείλατο = प्रतिज्ञा': 50.0, 'ἐπηγγείλατο = की है': 50.0}","[1, 1]",1,1,1.0,0.0,2,0.5,0.0,1,1,1.0,0.0,2,0.5,0.0,0,0,0.0,0.0,0,0.0,0.0,1,2,1.5,0.5,3,0.5,0.16666666666666666,0,0,0.0,0.0,0,0,0
"ἐπιδέχεται","ἐπιδέχεται","ἐπιδέχομαι","G19260",4,"{'ἐπιδέχεται = ग्रहण': 50.0, 'ἐπιδέχεται = करता': 50.0}","[2, 2]",2,2,2.0,0.0,4,0.5,0.0,1,1,1.0,0.0,4,0.25,0.0,0,0,0.0,0.0,0,0.0,0.0,1,1,1.0,0.0,4,0.25,0.0,0,0,0.0,0.0,0,0,0
"ἐπιθυμίαις","ἐπιθυμίαις","ἐπιθυμία","G19390",1,"{'ἐπιθυμίαις = अभिलाषाओं': 100.0}","[1]",1,1,1.0,0.0,1,1.0,0.0,1,1,1.0,0.0,1,1.0,0.0,0,0,0.0,0.0,0,0.0,0.0,1,1,1.0,0.0,1,1.0,0.0,0,0,0.0,0.0,0,0,0
"ἐπιθυμίας","ἐπιθυμίας","ἐπιθυμία","G19390",1,"{'ἐπιθυμίας = अभिलाषाओं': 100.0}","[1]",1,1,1.0,0.0,1,1.0,0.0,1,1,1.0,0.0,1,1.0,0.0,0,0,0.0,0.0,0,0.0,0.0,1,1,1.0,0.0,1,1.0,0.0,0,0,0.0,0.0,0,0,0
"ἐπιστεύθην","ἐπιστεύθην","πιστεύω","G41000",1,"{'ἐπιστεύθην = सौंपा गया': 100.0}","[1]",1,1,1.0,0.0,1,1.0,0.0,1,1,1.0,0.0,1,1.0,0.0,0,0,0.0,0.0,0,0.0,0.0,2,2,2.0,0.0,2,1.0,0.0,0,0,0.0,0.0,0,0,0
"ἐπιταγὴν","ἐπιταγὴν","ἐπιταγή","G20030",1,"{'ἐπιταγὴν = आज्ञा': 100.0}","[1]",1,1,1.0,0.0,1,1.0,0.0,1,1,1.0,0.0,1,1.0,0.0,0,0,0.0,0.0,0,0.0,0.0,1,1,1.0,0.0,1,1.0,0.0,0,0,0.0,0.0,0,0,0
"ἐπιταγῆς","ἐπιταγῆς","ἐπιταγή","G20030",1,"{'ἐπιταγῆς = अधिकार के': 100.0}","[1]",1,1,1.0,0.0,1,1.0,0.0,1,1,1.0,0.0,1,1.0,0.0,0,0,0.0,0.0,0,0.0,0.0,2,2,2.0,0.0,2,1.0,0.0,0,0,0.0,0.0,0,0,0
"ἐποιήσαμεν","ἐποιήσαμεν","ποιέω","G41600",1,"{'ἐποιήσαμεν = किए': 100.0}","[1]",1,1,1.0,0.0,1,1.0,0.0,1,1,1.0,0.0,1,1.0,0.0,0,0,0.0,0.0,0,0.0,0.0,1,1,1.0,0.0,1,1.0,0.0,0,0,0.0,0.0,0,0,0
"ἐργάσῃ","ἐργάσῃ","ἐργάζομαι","G20380",2,"{'ἐργάσῃ = काम करता है': 50.0, 'ἐργάσῃ = तू': 50.0}","[1, 1]",1,1,1.0,0.0,2,0.5,0.0,1,1,1.0,0.0,2,0.5,0.0,0,0,0.0,0.0,0,0.0,0.0,1,3,2.0,1.0,4,0.5,0.25,0,0,0.0,0.0,0,0,0
"ἐρχομένων","ἐρχομένων","ἔρχομαι","G20640",2,"{'ἐρχομένων = आए': 50.0, 'ἐρχομένων = जब': 50.0}","[1, 1]",1,1,1.0,0.0,2,0.5,0.0,1,1,1.0,0.0,2,0.5,0.0,0,0,0.0,0.0,0,0.0,0.0,1,1,1.0,0.0,2,0.5,0.0,0,0,0.0,0.0,0,0,0
"ἐφανέρωσεν","ἐφανέρωσεν","φανερόω","G53190",1,"{'ἐφανέρωσεν = प्रगट किया': 100.0}","[1]",1,1,1.0,0.0,1,1.0,0.0,1,1,1.0,0.0,1,1.0,0.0,0,0,0.0,0.0,0,0.0,0.0,2,2,2.0,0.0,2,1.0,0.0,0,0,0.0,0.0,0,0,0
"ἐχάρην","ἐχάρην","χαίρω","G54630",2,"{'ἐχάρην = मैं': 50.0, 'ἐχάρην = आनन्दित हुआ': 50.0}","[1, 1]",1,1,1.0,0.0,2,0.5,0.0,1,1,1.0,0.0,2,0.5,0.0,0,0,0.0,0.0,0,0.0,0.0,1,2,1.5,0.5,3,0.5,0.16666666666666666,0,0,0.0,0.0,0,0,0
"ἑαυτὸν","ἑαυτὸν","ἑαυτοῦ","G14380",1,"{'ἑαυτὸν = अपने आपको': 100.0}","[1]",1,1,1.0,0.0,1,1.0,0.0,1,1,1.0,0.0,1,1.0,0.0,0,0,0.0,0.0,0,0.0,0.0,2,2,2.0,0.0,2,1.0,0.0,0,0,0.0,0.0,0,0,0
"ἑαυτῷ","ἑαυτῷ","ἑαυτοῦ","G14380",1,"{'ἑαυτῷ = अपने लिये': 100.0}","[1]",1,1,1.0,0.0,1,1.0,0.0,1,1,1.0,0.0,1,1.0,0.0,0,0,0.0,0.0,0,0.0,0.0,2,2,2.0,0.0,2,1.0,0.0,0,0,0.0,0.0,0,0,0
"ἑώρακεν","ἑώρακεν","ὁράω","G37080",2,"{'ἑώρακεν = देखा': 50.0, 'ἑώρακεν = उसने': 50.0}","[1, 1]",1,1,1.0,0.0,2,0.5,0.0,1,1,1.0,0.0,2,0.5,0.0,0,0,0.0,0.0,0,0.0,0.0,1,1,1.0,0.0,2,0.5,0.0,0,0,0.0,0.0,0,0,0
"ἔγραψά","ἔγραψά","γράφω","G11250",2,"{'ἔγραψά = मैंने': 50.0, 'ἔγραψά = लिखा था': 50.0}","[1, 1]",1,1,1.0,0.0,2,0.5,0.0,1,1,1.0,0.0,2,0.5,0.0,0,0,0.0,0.0,0,0.0,0.0,1,2,1.5,0.5,3,0.5,0.16666666666666666,0,0,0.0,0.0,0,0,0
"ἔλεγχε","ἔλεγχε","ἐλέγχω","G16510",2,"{'ἔλεγχε = डाँट': 50.0, 'ἔλεγχε = डांट': 50.0}","[1, 1]",1,1,1.0,0.0,2,0.5,0.0,1,1,1.0,0.0,2,0.5,0.0,0,0,0.0,0.0,0,0.0,0.0,1,1,1.0,0.0,2,0.5,0.0,0,0,0.0,0.0,0,0,0
"ἔλεος","ἔλεος","ἔλεος","G16560",1,"{'ἔλεος = दया': 100.0}","[1]",1,1,1.0,0.0,1,1.0,0.0,1,1,1.0,0.0,1,1.0,0.0,0,0,0.0,0.0,0,0.0,0.0,1,1,1.0,0.0,1,1.0,0.0,0,0,0.0,0.0,0,0,0
"ἔλθω","ἔλθω","ἔρχομαι","G20640",1,"{'ἔλθω = मैं आऊँगा': 100.0}","[1]",1,1,1.0,0.0,1,1.0,0.0,1,1,1.0,0.0,1,1.0,0.0,0,0,0.0,0.0,0,0.0,0.0,2,2,2.0,0.0,2,1.0,0.0,0,0,0.0,0.0,0,0,0
"ἔργα","ἔργα","ἔργον","G20410",1,"{'τὰ ἔργα = कामों की': 100.0}","[1]",1,1,1.0,0.0,1,1.0,0.0,2,2,2.0,0.0,2,1.0,0.0,0,0,0.0,0.0,0,0.0,0.0,2,2,2.0,0.0,2,1.0,0.0,0,0,0.0,0.0,0,0,0
"ἔργοις","ἔργοις","ἔργον","G20410",1,"{'ἔργοις = कामों से': 100.0}","[1]",1,1,1.0,0.0,1,1.0,0.0,1,1,1.0,0.0,1,1.0,0.0,0,0,0.0,0.0,0,0.0,0.0,2,2,2.0,0.0,2,1.0,0.0,0,0,0.0,0.0,0,0,0
"ἔργον","ἔργον","ἔργον","G20410",2,"{'ἔργον = काम': 100.0}","[2]",2,2,2.0,0.0,2,1.0,0.0,1,1,1.0,0.0,2,0.5,0.0,0,0,0.0,0.0,0,0.0,0.0,1,1,1.0,0.0,2,0.5,0.0,0,0,0.0,0.0,0,0,0
"ἔργων","ἔργων","ἔργον","G20410",5,"{'ἔργων = कामों में': 60.0, 'ἔργων = कामों के': 40.0}","[3, 2]",2,3,2.5,0.5,5,0.5,0.1,1,1,1.0,0.0,5,0.2,0.0,0,0,0.0,0.0,0,0.0,0.0,2,2,2.0,0.0,10,0.2,0.0,0,0,0.0,0.0,0,0,0
"ἔρεις","ἔρεις","ἔρις","G20540",1,"{'ἔρεις = कलह': 100.0}","[1]",1,1,1.0,0.0,1,1.0,0.0,1,1,1.0,0.0,1,1.0,0.0,0,0,0.0,0.0,0,0.0,0.0,1,1,1.0,0.0,1,1.0,0.0,0,0,0.0,0.0,0,0,0
"ἔσωσεν","ἔσωσεν","σῴζω","G49820",2,"{'ἔσωσεν = उसने': 50.0, 'ἔσωσεν = उद्धार किया': 50.0}","[1, 1]",1,1,1.0,0.0,2,0.5,0.0,1,1,1.0,0.0,2,0.5,0.0,0,0,0.0,0.0,0,0.0,0.0,1,2,1.5,0.5,3,0.5,0.16666666666666666,0,0,0.0,0.0,0,0,0
"ἔχω","ἔχω","ἔχω","G21920",1,"{'ἔχω = मुझे': 100.0}","[1]",1,1,1.0,0.0,1,1.0,0.0,1,1,1.0,0.0,1,1.0,0.0,0,0,0.0,0.0,0,0.0,0.0,1,1,1.0,0.0,1,1.0,0.0,0,0,0.0,0.0,0,0,0
"ἔχων","ἔχων","ἔχω","G21920",2,"{'ἔχων = पाकर': 50.0, 'ἔχων = जिसके': 50.0}","[1, 1]",1,1,1.0,0.0,2,0.5,0.0,1,1,1.0,0.0,2,0.5,0.0,0,0,0.0,0.0,0,0.0,0.0,1,1,1.0,0.0,2,0.5,0.0,0,0,0.0,0.0,0,0,0
"ἡδοναῖς","ἡδοναῖς","ἡδονή","G22370",1,"{'ἡδοναῖς = सुख विलास के': 100.0}","[1]",1,1,1.0,0.0,1,1.0,0.0,1,1,1.0,0.0,1,1.0,0.0,0,0,0.0,0.0,0,0.0,0.0,3,3,3.0,0.0,3,1.0,0.0,0,0,0.0,0.0,0,0,0
"ἰδεῖν","ἰδεῖν","ὁράω","G37080",1,"{'ἰδεῖν = भेंट करूँगा': 100.0}","[1]",1,1,1.0,0.0,1,1.0,0.0,1,1,1.0,0.0,1,1.0,0.0,0,0,0.0,0.0,0,0.0,0.0,2,2,2.0,0.0,2,1.0,0.0,0,0,0.0,0.0,0,0,0
"ἱεροπρεπεῖς","ἱεροπρεπεῖς","ἱεροπρεπής","G24120",1,"{'ἱεροπρεπεῖς = भक्तिपूर्ण हों': 100.0}","[1]",1,1,1.0,0.0,1,1.0,0.0,1,1,1.0,0.0,1,1.0,0.0,0,0,0.0,0.0,0,0.0,0.0,2,2,2.0,0.0,2,1.0,0.0,0,0,0.0,0.0,0,0,0
"Ἰησοῦ","Ἰησοῦ","Ἰησοῦς","G24240",4,"{'Ἰησοῦ = यीशु': 100.0}","[4]",4,4,4.0,0.0,4,1.0,0.0,1,1,1.0,0.0,4,0.25,0.0,0,0,0.0,0.0,0,0.0,0.0,1,1,1.0,0.0,4,0.25,0.0,0,0,0.0,0.0,0,0,0
"Ἰουδαϊκοῖς","Ἰουδαϊκοῖς","Ἰουδαϊκός","G24510",1,"{'Ἰουδαϊκοῖς = यहूदी': 100.0}","[1]",1,1,1.0,0.0,1,1.0,0.0,1,1,1.0,0.0,1,1.0,0.0,0,0,0.0,0.0,0,0.0,0.0,1,1,1.0,0.0,1,1.0,0.0,0,0,0.0,0.0,0,0,0
"ὀνόματος","ὀνόματος","ὄνομα","G36860",1,"{'ὀνόματος = नाम': 100.0}","[1]",1,1,1.0,0.0,1,1.0,0.0,1,1,1.0,0.0,1,1.0,0.0,0,0,0.0,0.0,0,0.0,0.0,1,1,1.0,0.0,1,1.0,0.0,0,0,0.0,0.0,0,0,0
"ὀφείλομεν","ὀφείλομεν","ὀφείλω","G37840",1,"{'ὀφείλομεν = करना चाहिए': 100.0}","[1]",1,1,1.0,0.0,1,1.0,0.0,1,1,1.0,0.0,1,1.0,0.0,0,0,0.0,0.0,0,0.0,0.0,2,2,2.0,0.0,2,1.0,0.0,0,0,0.0,0.0,0,0,0
"ὁμολογοῦσιν","ὁμολογοῦσιν","ὁμολογέω","G36700",2,"{'ὁμολογοῦσιν = दावा करते हैं': 50.0, 'ὁμολογοῦσιν = वे': 50.0}","[1, 1]",1,1,1.0,0.0,2,0.5,0.0,1,1,1.0,0.0,2,0.5,0.0,0,0,0.0,0.0,0,0.0,0.0,1,3,2.0,1.0,4,0.5,0.25,0,0,0.0,0.0,0,0,0
"ὄνομα","ὄνομα","ὄνομα","G36860",1,"{'ὄνομα = नाम': 100.0}","[1]",1,1,1.0,0.0,1,1.0,0.0,1,1,1.0,0.0,1,1.0,0.0,0,0,0.0,0.0,0,0.0,0.0,1,1,1.0,0.0,1,1.0,0.0,0,0,0.0,0.0,0,0,0
"ὅσιον","ὅσιον","ὅσιος","G37410",1,"{'ὅσιον = पवित्र': 100.0}","[1]",1,1,1.0,0.0,1,1.0,0.0,1,1,1.0,0.0,1,1.0,0.0,0,0,0.0,0.0,0,0.0,0.0,1,1,1.0,0.0,1,1.0,0.0,0,0,0.0,0.0,0,0,0
"ὑγιαίνειν","ὑγιαίνειν","ὑγιαίνω","G51980",1,"{'ὑγιαίνειν = भला चंगा रहे': 100.0}","[1]",1,1,1.0,0.0,1,1.0,0.0,1,1,1.0,0.0,1,1.0,0.0,0,0,0.0,0.0,0,0.0,0.0,3,3,3.0,0.0,3,1.0,0.0,0,0,0.0,0.0,0,0,0
"ὑγιαίνοντας","ὑγιαίνοντας","ὑγιαίνω","G51980",1,"{'ὑγιαίνοντας = दृढ़ हो': 100.0}","[1]",1,1,1.0,0.0,1,1.0,0.0,1,1,1.0,0.0,1,1.0,0.0,0,0,0.0,0.0,0,0.0,0.0,2,2,2.0,0.0,2,1.0,0.0,0,0,0.0,0.0,0,0,0
"ὑγιαίνωσιν","ὑγιαίνωσιν","ὑγιαίνω","G51980",2,"{'ὑγιαίνωσιν = दृढ़ हो जाएँ': 50.0, 'ὑγιαίνωσιν = वे': 50.0}","[1, 1]",1,1,1.0,0.0,2,0.5,0.0,1,1,1.0,0.0,2,0.5,0.0,0,0,0.0,0.0,0,0.0,0.0,1,3,2.0,1.0,4,0.5,0.25,0,0,0.0,0.0,0,0,0
"ὑγιαινούσῃ","ὑγιαινούσῃ","ὑγιαίνω","G51980",2,"{'τῇ ὑγιαινούσῃ = खरी': 50.0, 'τῇ ὑγιαινούσῃ = खरे': 50.0}","[1, 1]",1,1,1.0,0.0,2,0.5,0.0,2,2,2.0,0.0,4,0.5,0.0,0,0,0.0,0.0,0,0.0,0.0,1,1,1.0,0.0,2,0.5,0.0,0,0,0.0,0.0,0,0,0
"ὑπολαμβάνειν","ὑπολαμβάνειν","ὑπολαμβάνω","G52740",1,"{'ὑπολαμβάνειν = स्वागत': 100.0}","[1]",1,1,1.0,0.0,1,1.0,0.0,1,1,1.0,0.0,1,1.0,0.0,0,0,0.0,0.0,0,0.0,0.0,1,1,1.0,0.0,1,1.0,0.0,0,0,0.0,0.0,0,0,0
"ὑπομονῇ","ὑπομονῇ","ὑπομονή","G52810",1,"{'τῇ ὑπομονῇ = और धीरज': 100.0}","[1]",1,1,1.0,0.0,1,1.0,0.0,2,2,2.0,0.0,2,1.0,0.0,0,0,0.0,0.0,0,0.0,0.0,2,2,2.0,0.0,2,1.0,0.0,0,0,0.0,0.0,0,0,0
"ὑποτάσσεσθαι","ὑποτάσσεσθαι","ὑποτάσσω","G52930",2,"{'ὑποτάσσεσθαι = अधीन रहने की': 50.0, 'ὑποτάσσεσθαι = अधीन रहना चाहिए': 50.0}","[1, 1]",1,1,1.0,0.0,2,0.5,0.0,1,1,1.0,0.0,2,0.5,0.0,0,0,0.0,0.0,0,0.0,0.0,3,3,3.0,0.0,6,0.5,0.0,0,0,0.0,0.0,0,0,0
"ὑποτασσομένας","ὑποτασσομένας","ὑποτάσσω","G52930",1,"{'ὑποτασσομένας = अधीन रहनेवाली हों': 100.0}","[1]",1,1,1.0,0.0,1,1.0,0.0,1,1,1.0,0.0,1,1.0,0.0,0,0,0.0,0.0,0,0.0,0.0,3,3,3.0,0.0,3,1.0,0.0,0,0,0.0,0.0,0,0,0
"ὠφέλιμα","ὠφέλιμα","ὠφέλιμος","G56240",1,"{'ὠφέλιμα = लाभ की': 100.0}","[1]",1,1,1.0,0.0,1,1.0,0.0,1,1,1.0,0.0,1,1.0,0.0,0,0,0.0,0.0,0,0.0,0.0,2,2,2.0,0.0,2,1.0,0.0,0,0,0.0,0.0,0,0,0
"ὡς","ὡς","ὡς","G56130",2,"{'ὡς = क्योंकि': 50.0, 'ὡς = के अनुसार': 50.0}","[1, 1]",1,1,1.0,0.0,2,0.5,0.0,1,1,1.0,0.0,2,0.5,0.0,0,0,0.0,0.0,0,0.0,0.0,1,2,1.5,0.5,3,0.5,0.16666666666666666,0,0,0.0,0.0,0,0,0
"ὡσαύτως","ὡσαύτως","ὡσαύτως","G56150",2,"{'ὡσαύτως = इसी प्रकार': 50.0, 'ὡσαύτως = ऐसे ही': 50.0}","[1, 1]",1,1,1.0,0.0,2,0.5,0.0,1,1,1.0,0.0,2,0.5,0.0,0,0,0.0,0.0,0,0.0,0.0,2,2,2.0,0.0,4,0.5,0.0,0,0,0.0,0.0,0,0,0
